"Source","Source_Year","Study","Control_ID","Study_Year_Initial","Study_Year_Final","Duration_Years","Collection_Periods","Continent","Country","Site_Name","Latitude","Longitude","Location_Uncertainty","Phylum","Class","Order","Family","Feeding_Guild","Aggregated_Study","Soil_Fauna","Soil_Depth","Pest","Nitrogen_Deposited","Nitrogen_Added","N_Added_Deposited","Fertilizer_Type","Plot_Size","Treatment_Mean","Treatment_N","Treatment_SD","Treatment_SE","Control_Mean","Control_N","Control_SD","Control_SE","SD_Estimated","Sampling_Method","Unit_Measurement","Treatment_ScalingConstant","Control_ScalingConstant","Biome","Vegetation_Type","Land_Use_Described","MAT","MAP","pH","P","K","Checked","Finished","Reviewer","Study_Quality_1","Study_Quality_2","Study_Quality_3","Study_Quality_Total","Data_Retrieved_From","Notes","Control_MeanCorrected","Treatment_MeanCorrected","Control_SDCorrected","Treatment_SDCorrected","yi","vi","ControlYN"
"Haddad_et_al_2000",2000,1,"1a",1995,1996,2,3,"North_America","USA","Cedar_Creek-Minnesota","45.403004",-93.18927086,200,"Arthropoda","Insecta",NA,NA,"Herbivore","YES","NO",NA,"NO",NA,10,"Added",NA,16,54.26,6,6.48,2.64,52.11,10,5.44,1.72,"FromSource","Sweepnet","Individuals",NA,NA,NA,"Grassland","Experimental fields, vegetation composed by perennial bunch grasses and forbs",NA,NA,NA,NA,NA,"Y","Y","Juan",1,1,1,3,"Figure 3","Average of the points per Nitrogen level in Figure 3",52.11,54.26,5.44,6.48,0.0404304383096624,0.00346687694410713,"Treatment"
"Haddad_et_al_2000",2000,1,"1a",1995,1996,2,3,"North_America","USA","Cedar_Creek-Minnesota","45.403004",-93.18927086,200,"Arthropoda","Insecta",NA,NA,"Herbivore","YES","NO",NA,"NO",NA,20,"Added",NA,16,51.23,5,4.81,2.15,52.11,10,5.44,1.72,"FromSource","Sweepnet","Individuals",NA,NA,NA,"Grassland","Experimental fields, vegetation composed by perennial bunch grasses and forbs",NA,NA,NA,NA,NA,"Y","Y","Juan",1,1,1,3,"Figure 3","Average of the points per Nitrogen level in Figure 3",52.11,51.23,5.44,4.81,-0.0170315709700123,0.00285289984300481,"Treatment"
"Haddad_et_al_2000",2000,1,"1a",1995,1996,2,3,"North_America","USA","Cedar_Creek-Minnesota","45.403004",-93.18927086,200,"Arthropoda","Insecta",NA,NA,"Herbivore","YES","NO",NA,"NO",NA,34,"Added",NA,16,49.05,6,5.56,2.27,52.11,10,5.44,1.72,"FromSource","Sweepnet","Individuals",NA,NA,NA,"Grassland","Experimental fields, vegetation composed by perennial bunch grasses and forbs",NA,NA,NA,NA,NA,"Y","Y","Juan",1,1,1,3,"Figure 3","Average of the points per Nitrogen level in Figure 3",52.11,49.05,5.44,5.56,-0.0605166829097512,0.00323133320593412,"Treatment"
"Haddad_et_al_2000",2000,1,"1a",1995,1996,2,3,"North_America","USA","Cedar_Creek-Minnesota","45.403004",-93.18927086,200,"Arthropoda","Insecta",NA,NA,"Herbivore","YES","NO",NA,"NO",NA,54,"Added",NA,16,49.47,6,5.04,2.06,52.11,10,5.44,1.72,"FromSource","Sweepnet","Individuals",NA,NA,NA,"Grassland","Experimental fields, vegetation composed by perennial bunch grasses and forbs",NA,NA,NA,NA,NA,"Y","Y","Juan",1,1,1,3,"Figure 3","Average of the points per Nitrogen level in Figure 3",52.11,49.47,5.44,5.04,-0.0519904436815061,0.00281974213545485,"Treatment"
"Haddad_et_al_2000",2000,1,"1a",1995,1996,2,3,"North_America","USA","Cedar_Creek-Minnesota","45.403004",-93.18927086,200,"Arthropoda","Insecta",NA,NA,"Herbivore","YES","NO",NA,"NO",NA,95,"Added",NA,16,40.5,5,4.06,1.82,52.11,10,5.44,1.72,"FromSource","Sweepnet","Individuals",NA,NA,NA,"Grassland","Experimental fields, vegetation composed by perennial bunch grasses and forbs",NA,NA,NA,NA,NA,"Y","Y","Juan",1,1,1,3,"Figure 3","Average of the points per Nitrogen level in Figure 3",52.11,40.5,5.44,4.06,-0.25205489480863,0.00309971094324301,"Treatment"
"Haddad_et_al_2000",2000,1,"1a",1995,1996,2,3,"North_America","USA","Cedar_Creek-Minnesota","45.403004",-93.18927086,200,"Arthropoda","Insecta",NA,NA,"Herbivore","YES","NO",NA,"NO",NA,170,"Added",NA,16,44.89,5,7.52,3.36,52.11,10,5.44,1.72,"FromSource","Sweepnet","Individuals",NA,NA,NA,"Grassland","Experimental fields, vegetation composed by perennial bunch grasses and forbs",NA,NA,NA,NA,NA,"Y","Y","Juan",1,1,1,3,"Figure 3","Average of the points per Nitrogen level in Figure 3",52.11,44.89,5.44,7.52,-0.149141816127283,0.00670245288870567,"Treatment"
"Haddad_et_al_2000",2000,1,"1a",1995,1996,2,3,"North_America","USA","Cedar_Creek-Minnesota","45.403004",-93.18927086,200,"Arthropoda","Insecta",NA,NA,"Herbivore","YES","NO",NA,"NO",NA,272,"Added",NA,16,42.26,6,6.76,2.76,52.11,10,5.44,1.72,"FromSource","Sweepnet","Individuals",NA,NA,NA,"Grassland","Experimental fields, vegetation composed by perennial bunch grasses and forbs",NA,NA,NA,NA,NA,"Y","Y","Juan",1,1,1,3,"Figure 3","Average of the points per Nitrogen level in Figure 3",52.11,42.26,5.44,6.76,-0.209515856733213,0.00535446986640621,"Treatment"
"Haddad_et_al_2000",2000,1,"1b",1995,1996,2,3,"North_America","USA","Cedar_Creek-Minnesota","45.403004",-93.18927086,200,"Arthropoda","Insecta",NA,NA,"Predator","YES","NO",NA,"NO",NA,10,"Added",NA,16,14.03,6,3.9,1.59,13.89,7,2.8,1.06,"FromSource","Sweepnet","Individuals",NA,NA,NA,"Grassland","Experimental fields, vegetation composed by perennial bunch grasses and forbs",NA,NA,NA,NA,NA,"Y","Y","Juan",1,1,1,3,"Figure 3","Average of the points per Nitrogen level in Figure 3",13.89,14.03,2.8,3.9,0.0100287373481172,0.0186835722391577,"Treatment"
"Haddad_et_al_2000",2000,1,"1b",1995,1996,2,3,"North_America","USA","Cedar_Creek-Minnesota","45.403004",-93.18927086,200,"Arthropoda","Insecta",NA,NA,"Predator","YES","NO",NA,"NO",NA,20,"Added",NA,16,14.54,6,4.04,1.65,13.89,7,2.8,1.06,"FromSource","Sweepnet","Individuals",NA,NA,NA,"Grassland","Experimental fields, vegetation composed by perennial bunch grasses and forbs",NA,NA,NA,NA,NA,"Y","Y","Juan",1,1,1,3,"Figure 3","Average of the points per Nitrogen level in Figure 3",13.89,14.54,2.8,4.04,0.0457343153391208,0.0186723101151196,"Treatment"
"Haddad_et_al_2000",2000,1,"1b",1995,1996,2,3,"North_America","USA","Cedar_Creek-Minnesota","45.403004",-93.18927086,200,"Arthropoda","Insecta",NA,NA,"Predator","YES","NO",NA,"NO",NA,34,"Added",NA,16,14.43,5,3.36,1.5,13.89,7,2.8,1.06,"FromSource","Sweepnet","Individuals",NA,NA,NA,"Grassland","Experimental fields, vegetation composed by perennial bunch grasses and forbs",NA,NA,NA,NA,NA,"Y","Y","Juan",1,1,1,3,"Figure 3","Average of the points per Nitrogen level in Figure 3",13.89,14.43,2.8,3.36,0.0381402160195271,0.0166488110467738,"Treatment"
"Haddad_et_al_2000",2000,1,"1b",1995,1996,2,3,"North_America","USA","Cedar_Creek-Minnesota","45.403004",-93.18927086,200,"Arthropoda","Insecta",NA,NA,"Predator","YES","NO",NA,"NO",NA,54,"Added",NA,16,13.25,5,1.92,0.86,13.89,7,2.8,1.06,"FromSource","Sweepnet","Individuals",NA,NA,NA,"Grassland","Experimental fields, vegetation composed by perennial bunch grasses and forbs",NA,NA,NA,NA,NA,"Y","Y","Juan",1,1,1,3,"Figure 3","Average of the points per Nitrogen level in Figure 3",13.89,13.25,2.8,1.92,-0.0471716043340212,0.0100046812205445,"Treatment"
"Haddad_et_al_2000",2000,1,"1b",1995,1996,2,3,"North_America","USA","Cedar_Creek-Minnesota","45.403004",-93.18927086,200,"Arthropoda","Insecta",NA,NA,"Predator","YES","NO",NA,"NO",NA,95,"Added",NA,16,12.83,5,1.93,0.86,13.89,7,2.8,1.06,"FromSource","Sweepnet","Individuals",NA,NA,NA,"Grassland","Experimental fields, vegetation composed by perennial bunch grasses and forbs",NA,NA,NA,NA,NA,"Y","Y","Juan",1,1,1,3,"Figure 3","Average of the points per Nitrogen level in Figure 3",13.89,12.83,2.8,1.93,-0.0793829781387074,0.0103309088589339,"Treatment"
"Haddad_et_al_2000",2000,1,"1b",1995,1996,2,3,"North_America","USA","Cedar_Creek-Minnesota","45.403004",-93.18927086,200,"Arthropoda","Insecta",NA,NA,"Predator","YES","NO",NA,"NO",NA,170,"Added",NA,16,12.79,4,3.5,1.75,13.89,7,2.8,1.06,"FromSource","Sweepnet","Individuals",NA,NA,NA,"Grassland","Experimental fields, vegetation composed by perennial bunch grasses and forbs",NA,NA,NA,NA,NA,"Y","Y","Juan",1,1,1,3,"Figure 3","Average of the points per Nitrogen level in Figure 3",13.89,12.79,2.8,3.5,-0.0825055411755011,0.0245264082779589,"Treatment"
"Haddad_et_al_2000",2000,1,"1b",1995,1996,2,3,"North_America","USA","Cedar_Creek-Minnesota","45.403004",-93.18927086,200,"Arthropoda","Insecta",NA,NA,"Predator","YES","NO",NA,"NO",NA,272,"Added",NA,16,11.23,5,3.11,1.39,13.89,7,2.8,1.06,"FromSource","Sweepnet","Individuals",NA,NA,NA,"Grassland","Experimental fields, vegetation composed by perennial bunch grasses and forbs",NA,NA,NA,NA,NA,"Y","Y","Juan",1,1,1,3,"Figure 3","Average of the points per Nitrogen level in Figure 3",13.89,11.23,2.8,3.11,-0.212580388015901,0.0211439467733699,"Treatment"
"Haddad_et_al_2000",2000,1,"1c",1995,1996,2,3,"North_America","USA","Cedar_Creek-Minnesota","45.403004",-93.18927086,200,"Arthropoda","Insecta",NA,NA,"Parasitoid","YES","NO",NA,"NO",NA,10,"Added",NA,16,11.62,5,2.41,1.08,10.89,8,3.84,1.36,"FromSource","Sweepnet","Individuals",NA,NA,NA,"Grassland","Experimental fields, vegetation composed by perennial bunch grasses and forbs",NA,NA,NA,NA,NA,"Y","Y","Juan",1,1,1,3,"Figure 3","Average of the points per Nitrogen level in Figure 3",10.89,11.62,3.84,2.41,0.0648828144788959,0.0241453883019427,"Treatment"
"Haddad_et_al_2000",2000,1,"1c",1995,1996,2,3,"North_America","USA","Cedar_Creek-Minnesota","45.403004",-93.18927086,200,"Arthropoda","Insecta",NA,NA,"Parasitoid","YES","NO",NA,"NO",NA,20,"Added",NA,16,13.22,5,6.39,2.86,10.89,8,3.84,1.36,"FromSource","Sweepnet","Individuals",NA,NA,NA,"Grassland","Experimental fields, vegetation composed by perennial bunch grasses and forbs",NA,NA,NA,NA,NA,"Y","Y","Juan",1,1,1,3,"Figure 3","Average of the points per Nitrogen level in Figure 3",10.89,13.22,3.84,6.39,0.193885897478671,0.0622694477469952,"Treatment"
"Haddad_et_al_2000",2000,1,"1c",1995,1996,2,3,"North_America","USA","Cedar_Creek-Minnesota","45.403004",-93.18927086,200,"Arthropoda","Insecta",NA,NA,"Parasitoid","YES","NO",NA,"NO",NA,34,"Added",NA,16,13.02,6,3.16,1.29,10.89,8,3.84,1.36,"FromSource","Sweepnet","Individuals",NA,NA,NA,"Grassland","Experimental fields, vegetation composed by perennial bunch grasses and forbs",NA,NA,NA,NA,NA,"Y","Y","Juan",1,1,1,3,"Figure 3","Average of the points per Nitrogen level in Figure 3",10.89,13.02,3.84,3.16,0.178641699835554,0.0253598514526448,"Treatment"
"Haddad_et_al_2000",2000,1,"1c",1995,1996,2,3,"North_America","USA","Cedar_Creek-Minnesota","45.403004",-93.18927086,200,"Arthropoda","Insecta",NA,NA,"Parasitoid","YES","NO",NA,"NO",NA,54,"Added",NA,16,13.19,6,3.49,1.43,10.89,8,3.84,1.36,"FromSource","Sweepnet","Individuals",NA,NA,NA,"Grassland","Experimental fields, vegetation composed by perennial bunch grasses and forbs",NA,NA,NA,NA,NA,"Y","Y","Juan",1,1,1,3,"Figure 3","Average of the points per Nitrogen level in Figure 3",10.89,13.19,3.84,3.49,0.191614029784354,0.0272107158045815,"Treatment"
"Haddad_et_al_2000",2000,1,"1c",1995,1996,2,3,"North_America","USA","Cedar_Creek-Minnesota","45.403004",-93.18927086,200,"Arthropoda","Insecta",NA,NA,"Parasitoid","YES","NO",NA,"NO",NA,95,"Added",NA,16,11.77,4,2.22,1.11,10.89,8,3.84,1.36,"FromSource","Sweepnet","Individuals",NA,NA,NA,"Grassland","Experimental fields, vegetation composed by perennial bunch grasses and forbs",NA,NA,NA,NA,NA,"Y","Y","Juan",1,1,1,3,"Figure 3","Average of the points per Nitrogen level in Figure 3",10.89,11.77,3.84,2.22,0.0777089843273161,0.0244362668031768,"Treatment"
"Haddad_et_al_2000",2000,1,"1c",1995,1996,2,3,"North_America","USA","Cedar_Creek-Minnesota","45.403004",-93.18927086,200,"Arthropoda","Insecta",NA,NA,"Parasitoid","YES","NO",NA,"NO",NA,170,"Added",NA,16,10.87,6,4.71,1.92,10.89,8,3.84,1.36,"FromSource","Sweepnet","Individuals",NA,NA,NA,"Grassland","Experimental fields, vegetation composed by perennial bunch grasses and forbs",NA,NA,NA,NA,NA,"Y","Y","Juan",1,1,1,3,"Figure 3","Average of the points per Nitrogen level in Figure 3",10.89,10.87,3.84,4.71,-0.00183823581175112,0.0468342176293248,"Treatment"
"Haddad_et_al_2000",2000,1,"1c",1995,1996,2,3,"North_America","USA","Cedar_Creek-Minnesota","45.403004",-93.18927086,200,"Arthropoda","Insecta",NA,NA,"Parasitoid","YES","NO",NA,"NO",NA,272,"Added",NA,16,8.64,5,4.17,1.87,10.89,8,3.84,1.36,"FromSource","Sweepnet","Individuals",NA,NA,NA,"Grassland","Experimental fields, vegetation composed by perennial bunch grasses and forbs",NA,NA,NA,NA,NA,"Y","Y","Juan",1,1,1,3,"Figure 3","Average of the points per Nitrogen level in Figure 3",10.89,8.64,3.84,4.17,-0.231442354128905,0.0621304100423321,"Treatment"
"Haddad_et_al_2000",2000,1,"1d",1995,1996,2,3,"North_America","USA","Cedar_Creek-Minnesota","45.403004",-93.18927086,200,"Arthropoda","Insecta",NA,NA,"Detritivore","YES","NO",NA,"NO",NA,10,"Added",NA,16,3.76,4,1.7,0.85,4.01,7,2.16,0.82,"FromSource","Sweepnet","Individuals",NA,NA,NA,"Grassland","Experimental fields, vegetation composed by perennial bunch grasses and forbs",NA,NA,NA,NA,NA,"Y","Y","Juan",1,1,1,3,"Figure 3","Average of the points per Nitrogen level in Figure 3",4.01,3.76,2.16,1.7,-0.0643722839166747,0.0925544907568976,"Treatment"
"Haddad_et_al_2000",2000,1,"1d",1995,1996,2,3,"North_America","USA","Cedar_Creek-Minnesota","45.403004",-93.18927086,200,"Arthropoda","Insecta",NA,NA,"Detritivore","YES","NO",NA,"NO",NA,20,"Added",NA,16,4.68,3,1.53,0.88,4.01,7,2.16,0.82,"FromSource","Sweepnet","Individuals",NA,NA,NA,"Grassland","Experimental fields, vegetation composed by perennial bunch grasses and forbs",NA,NA,NA,NA,NA,"Y","Y","Juan",1,1,1,3,"Figure 3","Average of the points per Nitrogen level in Figure 3",4.01,4.68,2.16,1.53,0.154506868611077,0.0770758683604435,"Treatment"
"Haddad_et_al_2000",2000,1,"1d",1995,1996,2,3,"North_America","USA","Cedar_Creek-Minnesota","45.403004",-93.18927086,200,"Arthropoda","Insecta",NA,NA,"Detritivore","YES","NO",NA,"NO",NA,34,"Added",NA,16,5.68,3,2.52,1.45,4.01,7,2.16,0.82,"FromSource","Sweepnet","Individuals",NA,NA,NA,"Grassland","Experimental fields, vegetation composed by perennial bunch grasses and forbs",NA,NA,NA,NA,NA,"Y","Y","Juan",1,1,1,3,"Figure 3","Average of the points per Nitrogen level in Figure 3",4.01,5.68,2.16,2.52,0.348159991414582,0.107061617368479,"Treatment"
"Haddad_et_al_2000",2000,1,"1d",1995,1996,2,3,"North_America","USA","Cedar_Creek-Minnesota","45.403004",-93.18927086,200,"Arthropoda","Insecta",NA,NA,"Detritivore","YES","NO",NA,"NO",NA,54,"Added",NA,16,5.51,4,1.29,0.64,4.01,7,2.16,0.82,"FromSource","Sweepnet","Individuals",NA,NA,NA,"Grassland","Experimental fields, vegetation composed by perennial bunch grasses and forbs",NA,NA,NA,NA,NA,"Y","Y","Juan",1,1,1,3,"Figure 3","Average of the points per Nitrogen level in Figure 3",4.01,5.51,2.16,1.29,0.317773381846345,0.0551526537248271,"Treatment"
"Haddad_et_al_2000",2000,1,"1d",1995,1996,2,3,"North_America","USA","Cedar_Creek-Minnesota","45.403004",-93.18927086,200,"Arthropoda","Insecta",NA,NA,"Detritivore","YES","NO",NA,"NO",NA,95,"Added",NA,16,7.21,5,1.92,0.86,4.01,7,2.16,0.82,"FromSource","Sweepnet","Individuals",NA,NA,NA,"Grassland","Experimental fields, vegetation composed by perennial bunch grasses and forbs",NA,NA,NA,NA,NA,"Y","Y","Juan",1,1,1,3,"Figure 3","Average of the points per Nitrogen level in Figure 3",4.01,7.21,2.16,1.92,0.58667770997838,0.055632433820584,"Treatment"
"Haddad_et_al_2000",2000,1,"1d",1995,1996,2,3,"North_America","USA","Cedar_Creek-Minnesota","45.403004",-93.18927086,200,"Arthropoda","Insecta",NA,NA,"Detritivore","YES","NO",NA,"NO",NA,170,"Added",NA,16,5.51,4,2.08,1.04,4.01,7,2.16,0.82,"FromSource","Sweepnet","Individuals",NA,NA,NA,"Grassland","Experimental fields, vegetation composed by perennial bunch grasses and forbs",NA,NA,NA,NA,NA,"Y","Y","Juan",1,1,1,3,"Figure 3","Average of the points per Nitrogen level in Figure 3",4.01,5.51,2.16,2.08,0.317773381846345,0.0770753417265135,"Treatment"
"Haddad_et_al_2000",2000,1,"1d",1995,1996,2,3,"North_America","USA","Cedar_Creek-Minnesota","45.403004",-93.18927086,200,"Arthropoda","Insecta",NA,NA,"Detritivore","YES","NO",NA,"NO",NA,272,"Added",NA,16,6.01,5,1.58,0.7,4.01,7,2.16,0.82,"FromSource","Sweepnet","Individuals",NA,NA,NA,"Grassland","Experimental fields, vegetation composed by perennial bunch grasses and forbs",NA,NA,NA,NA,NA,"Y","Y","Juan",1,1,1,3,"Figure 3","Average of the points per Nitrogen level in Figure 3",4.01,6.01,2.16,1.58,0.404633507228638,0.0552724101958622,"Treatment"
"Haddad_et_al_2000",2000,1,"1e",1995,1996,2,3,"North_America","USA","Cedar_Creek-Minnesota","45.403004",-93.18927086,200,"Arthropoda","Insecta",NA,NA,"Omnivore","YES","NO",NA,"NO",NA,10,"Added",NA,16,3.01,3,1,0.57,3,3,1,0.57,"FromSource","Sweepnet","Individuals",NA,NA,NA,"Grassland","Experimental fields, vegetation composed by perennial bunch grasses and forbs",NA,NA,NA,NA,NA,"Y","Y","Juan",1,1,1,3,"Figure 3","Average of the points per Nitrogen level in Figure 3",3,3.01,1,1,0.00332779009267452,0.0738283895975312,"Treatment"
"Haddad_et_al_2000",2000,1,"1e",1995,1996,2,3,"North_America","USA","Cedar_Creek-Minnesota","45.403004",-93.18927086,200,"Arthropoda","Insecta",NA,NA,"Omnivore","YES","NO",NA,"NO",NA,20,"Added",NA,16,3.01,3,1,0.57,3,3,1,0.57,"FromSource","Sweepnet","Individuals",NA,NA,NA,"Grassland","Experimental fields, vegetation composed by perennial bunch grasses and forbs",NA,NA,NA,NA,NA,"Y","Y","Juan",1,1,1,3,"Figure 3","Average of the points per Nitrogen level in Figure 3",3,3.01,1,1,0.00332779009267452,0.0738283895975312,"Treatment"
"Haddad_et_al_2000",2000,1,"1e",1995,1996,2,3,"North_America","USA","Cedar_Creek-Minnesota","45.403004",-93.18927086,200,"Arthropoda","Insecta",NA,NA,"Omnivore","YES","NO",NA,"NO",NA,34,"Added",NA,16,3.01,3,1,0.57,3,3,1,0.57,"FromSource","Sweepnet","Individuals",NA,NA,NA,"Grassland","Experimental fields, vegetation composed by perennial bunch grasses and forbs",NA,NA,NA,NA,NA,"Y","Y","Juan",1,1,1,3,"Figure 3","Average of the points per Nitrogen level in Figure 3",3,3.01,1,1,0.00332779009267452,0.0738283895975312,"Treatment"
"Haddad_et_al_2000",2000,1,"1e",1995,1996,2,3,"North_America","USA","Cedar_Creek-Minnesota","45.403004",-93.18927086,200,"Arthropoda","Insecta",NA,NA,"Omnivore","YES","NO",NA,"NO",NA,54,"Added",NA,16,3.51,4,1.29,0.64,3,3,1,0.57,"FromSource","Sweepnet","Individuals",NA,NA,NA,"Grassland","Experimental fields, vegetation composed by perennial bunch grasses and forbs",NA,NA,NA,NA,NA,"Y","Y","Juan",1,1,1,3,"Figure 3","Average of the points per Nitrogen level in Figure 3",3,3.51,1,1.29,0.157003748809665,0.0708050259332311,"Treatment"
"Haddad_et_al_2000",2000,1,"1e",1995,1996,2,3,"North_America","USA","Cedar_Creek-Minnesota","45.403004",-93.18927086,200,"Arthropoda","Insecta",NA,NA,"Omnivore","YES","NO",NA,"NO",NA,95,"Added",NA,16,3.51,4,1.29,0.64,3,3,1,0.57,"FromSource","Sweepnet","Individuals",NA,NA,NA,"Grassland","Experimental fields, vegetation composed by perennial bunch grasses and forbs",NA,NA,NA,NA,NA,"Y","Y","Juan",1,1,1,3,"Figure 3","Average of the points per Nitrogen level in Figure 3",3,3.51,1,1.29,0.157003748809665,0.0708050259332311,"Treatment"
"Haddad_et_al_2000",2000,1,"1e",1995,1996,2,3,"North_America","USA","Cedar_Creek-Minnesota","45.403004",-93.18927086,200,"Arthropoda","Insecta",NA,NA,"Omnivore","YES","NO",NA,"NO",NA,170,"Added",NA,16,2.51,4,1.29,0.65,3,3,1,0.57,"FromSource","Sweepnet","Individuals",NA,NA,NA,"Grassland","Experimental fields, vegetation composed by perennial bunch grasses and forbs",NA,NA,NA,NA,NA,"Y","Y","Juan",1,1,1,3,"Figure 3","Average of the points per Nitrogen level in Figure 3",3,2.51,1,1.29,-0.178329535524417,0.103071703153448,"Treatment"
"Haddad_et_al_2000",2000,1,"1e",1995,1996,2,3,"North_America","USA","Cedar_Creek-Minnesota","45.403004",-93.18927086,200,"Arthropoda","Insecta",NA,NA,"Omnivore","YES","NO",NA,"NO",NA,272,"Added",NA,16,3.51,4,1.29,0.64,3,3,1,0.57,"FromSource","Sweepnet","Individuals",NA,NA,NA,"Grassland","Experimental fields, vegetation composed by perennial bunch grasses and forbs",NA,NA,NA,NA,NA,"Y","Y","Juan",1,1,1,3,"Figure 3","Average of the points per Nitrogen level in Figure 3",3,3.51,1,1.29,0.157003748809665,0.0708050259332311,"Treatment"
"Meza-Lopez_et_al_2018",2018,2,"2a",2012,2012,1,1,"North_America","USA","San_Diego","32.874136",-117.248575,100,"Arthropoda","Arachnida",NA,NA,"Predator","NO","NO",NA,"NO",NA,20,"Added","NO3",4,1.25,8,0.46,0.16,1.75,8,1.04,0.37,"FromSource","Vacuum","Individuals",NA,NA,NA,"Low elevation scrubland","Experiment with plants of Artemisia californica under different N treatments from different sites",NA,NA,NA,NA,NA,"Y","Y","Juan",1,1,1,3,"Supplementary material with raw data. Calculated abundances per site, order and feeding guild","",1.75,1.25,1.04,0.46,-0.336472236621213,0.0610749387755102,"Treatment"
"Meza-Lopez_et_al_2018",2018,2,"2b",2012,2012,1,1,"North_America","USA","San_Diego","32.874136",-117.248575,100,"Arthropoda","Insecta",NA,NA,"Herbivore","NO","NO",NA,"NO",NA,20,"Added","NO3",4,2.6,15,1.88,0.49,2.71,17,1.65,0.4,"FromSource","Vacuum","Individuals",NA,NA,NA,"Low elevation scrubland","Experiment with plants of Artemisia californica under different N treatments from different sites",NA,NA,NA,NA,NA,"Y","Y","Juan",1,1,1,3,"Supplementary material with raw data. Calculated abundances per site, order and feeding guild","",2.71,2.6,1.65,1.88,-0.0414371898641732,0.0566622355777786,"Treatment"
"Meza-Lopez_et_al_2018",2018,2,"2c",2012,2012,1,1,"North_America","USA","San_Diego","32.874136",-117.248575,100,"Arthropoda","Insecta",NA,NA,"Omnivore","NO","NO",NA,"NO",NA,20,"Added","NO3",4,1.43,7,0.79,0.3,1.29,7,0.49,0.18,"FromSource","Vacuum","Individuals",NA,NA,NA,"Low elevation scrubland","Experiment with plants of Artemisia californica under different N treatments from different sites",NA,NA,NA,NA,NA,"Y","Y","Juan",1,1,1,3,"Supplementary material with raw data. Calculated abundances per site, order and feeding guild","",1.29,1.43,0.49,0.79,0.103032225898235,0.0642114989692777,"Treatment"
"Meza-Lopez_et_al_2018",2018,2,"2d",2012,2012,1,1,"North_America","USA","San_Diego","32.874136",-117.248575,100,"Arthropoda","Insecta",NA,NA,"Parasitoid","NO","NO",NA,"NO",NA,20,"Added","NO3",4,1.5,2,0.71,0.5,1.83,6,1.17,0.48,"FromSource","Vacuum","Individuals",NA,NA,NA,"Low elevation scrubland","Experiment with plants of Artemisia californica under different N treatments from different sites",NA,NA,NA,NA,NA,"Y","Y","Juan",1,1,1,3,"Supplementary material with raw data. Calculated abundances per site, order and feeding guild","",1.83,1.5,1.17,0.71,-0.198850858745165,0.180149069843829,"Treatment"
"Meza-Lopez_et_al_2018",2018,3,"3a",2012,2012,1,1,"North_America","USA","Santa_Monica","34.065025",-118.986897,100,"Arthropoda","Arachnida",NA,NA,"Predator","NO","NO",NA,"NO",NA,20,"Added","NO3",4,1.67,9,0.71,0.24,2,5,1,0.45,"FromSource","Vacuum","Individuals",NA,NA,NA,"Low elevation scrubland","Experiment with plants of Artemisia californica under different N treatments from different sites",NA,NA,NA,NA,NA,"Y","Y","Juan",1,1,1,3,"Supplementary material with raw data. Calculated abundances per site, order and feeding guild","",2,1.67,1,0.71,-0.180323554131282,0.0700835853243613,"Treatment"
"Meza-Lopez_et_al_2018",2018,3,"3b",2012,2012,1,1,"North_America","USA","Santa_Monica","34.065025",-118.986897,100,"Arthropoda","Insecta",NA,NA,"Herbivore","NO","NO",NA,"NO",NA,20,"Added","NO3",4,3.23,13,2.09,0.58,2.2,15,1.61,0.42,"FromSource","Vacuum","Individuals",NA,NA,NA,"Low elevation scrubland","Experiment with plants of Artemisia californica under different N treatments from different sites",NA,NA,NA,NA,NA,"Y","Y","Juan",1,1,1,3,"Supplementary material with raw data. Calculated abundances per site, order and feeding guild","",2.2,3.23,1.61,2.09,0.384024776870295,0.0679104045267933,"Treatment"
"Meza-Lopez_et_al_2018",2018,3,"3c",2012,2012,1,1,"North_America","USA","Santa_Monica","34.065025",-118.986897,100,"Arthropoda","Insecta",NA,NA,"Omnivore","NO","NO",NA,"NO",NA,20,"Added","NO3",4,1.8,5,0.45,0.2,1,5,0,0,"FromSource","Vacuum","Individuals",NA,NA,NA,"Low elevation scrubland","Experiment with plants of Artemisia californica under different N treatments from different sites",NA,NA,NA,NA,NA,"Y","Y","Juan",1,1,1,3,"Supplementary material with raw data. Calculated abundances per site, order and feeding guild","",1,1.8,0.204505381757306,0.45,0.587786664902119,0.0208644902335403,"Treatment"
"Meza-Lopez_et_al_2018",2018,3,"3d",2012,2012,1,1,"North_America","USA","Santa_Monica","34.065025",-118.986897,100,"Arthropoda","Insecta",NA,NA,"Parasitoid","NO","NO",NA,"NO",NA,20,"Added","NO3",4,1.67,6,1.21,0.49,1,4,0,0,"FromSource","Vacuum","Individuals",NA,NA,NA,"Low elevation scrubland","Experiment with plants of Artemisia californica under different N treatments from different sites",NA,NA,NA,NA,NA,"Y","Y","Juan",1,1,1,3,"Supplementary material with raw data. Calculated abundances per site, order and feeding guild","",1,1.67,0.204505381757306,1.21,0.512823626428664,0.0979512801398643,"Treatment"
"Meza-Lopez_et_al_2018",2018,4,"4a",2012,2012,1,1,"North_America","USA","Cambria","35.527756",-121.074028,100,"Arthropoda","Arachnida",NA,NA,"Predator","NO","NO",NA,"NO",NA,20,"Added","NO3",4,2.5,6,1.76,0.72,1.67,6,1.21,0.49,"FromSource","Vacuum","Individuals",NA,NA,NA,"Low elevation scrubland","Experiment with plants of Artemisia californica under different N treatments from different sites",NA,NA,NA,NA,NA,"Y","Y","Juan",1,1,1,3,"Supplementary material with raw data. Calculated abundances per site, order and feeding guild","",1.67,2.5,1.21,1.76,0.403467105445491,0.170098334014606,"Treatment"
"Meza-Lopez_et_al_2018",2018,4,"4b",2012,2012,1,1,"North_America","USA","Cambria","35.527756",-121.074028,100,"Arthropoda","Insecta",NA,NA,"Herbivore","NO","NO",NA,"NO",NA,20,"Added","NO3",4,2.92,12,2.57,0.74,2.5,10,1.9,0.6,"FromSource","Vacuum","Individuals",NA,NA,NA,"Low elevation scrubland","Experiment with plants of Artemisia californica under different N treatments from different sites",NA,NA,NA,NA,NA,"Y","Y","Juan",1,1,1,3,"Supplementary material with raw data. Calculated abundances per site, order and feeding guild","",2.5,2.92,1.9,2.57,0.155292884406035,0.122313426221305,"Treatment"
"Meza-Lopez_et_al_2018",2018,4,"4c",2012,2012,1,1,"North_America","USA","Cambria","35.527756",-121.074028,100,"Arthropoda","Insecta",NA,NA,"Omnivore","NO","NO",NA,"NO",NA,20,"Added","NO3",4,1,3,0,0,1.5,4,0.58,0.29,"FromSource","Vacuum","Individuals",1,1,NA,"Low elevation scrubland","Experiment with plants of Artemisia californica under different N treatments from different sites",NA,NA,NA,NA,NA,"Y","Y","Juan",1,1,1,3,"Supplementary material with raw data. Calculated abundances per site, order and feeding guild","",1.5,1,0.58,0.206311163963592,-0.405465108108164,0.0515658765697819,"Treatment"
"Meza-Lopez_et_al_2018",2018,4,"4d",2012,2012,1,1,"North_America","USA","Cambria","35.527756",-121.074028,100,"Arthropoda","Insecta",NA,NA,"Parasitoid","NO","NO",NA,"NO",NA,20,"Added","NO3",4,1.67,3,0.58,0.33,1.4,5,0.55,0.24,"FromSource","Vacuum","Individuals",NA,NA,NA,"Low elevation scrubland","Experiment with plants of Artemisia californica under different N treatments from different sites",NA,NA,NA,NA,NA,"Y","Y","Juan",1,1,1,3,"Supplementary material with raw data. Calculated abundances per site, order and feeding guild","",1.4,1.67,0.55,0.58,0.176351389807451,0.0710743580662212,"Treatment"
"Meza-Lopez_et_al_2018",2018,5,"5a",2012,2012,1,1,"North_America","USA","Santa_Cruz","36.970061",-122.122983,100,"Arthropoda","Arachnida",NA,NA,"Predator","NO","NO",NA,"NO",NA,20,"Added","NO3",4,1.83,6,0.75,0.31,2,6,1.1,0.45,"FromSource","Vacuum","Individuals",NA,NA,NA,"Low elevation scrubland","Experiment with plants of Artemisia californica under different N treatments from different sites",NA,NA,NA,NA,NA,"Y","Y","Juan",1,1,1,3,"Supplementary material with raw data. Calculated abundances per site, order and feeding guild","",2,1.83,1.1,0.75,-0.0888312137066157,0.0784109334408313,"Treatment"
"Meza-Lopez_et_al_2018",2018,5,"5b",2012,2012,1,1,"North_America","USA","Santa_Cruz","36.970061",-122.122983,100,"Arthropoda","Insecta",NA,NA,"Herbivore","NO","NO",NA,"NO",NA,20,"Added","NO3",4,3.21,14,2.42,0.65,2.17,12,1.03,0.3,"FromSource","Vacuum","Individuals",NA,NA,NA,"Low elevation scrubland","Experiment with plants of Artemisia californica under different N treatments from different sites",NA,NA,NA,NA,NA,"Y","Y","Juan",1,1,1,3,"Supplementary material with raw data. Calculated abundances per site, order and feeding guild","",2.17,3.21,1.03,2.42,0.391543769589556,0.0593716090626024,"Treatment"
"Meza-Lopez_et_al_2018",2018,5,"5c",2012,2012,1,1,"North_America","USA","Santa_Cruz","36.970061",-122.122983,100,"Arthropoda","Insecta",NA,NA,"Omnivore","NO","NO",NA,"NO",NA,20,"Added","NO3",4,1,4,0,0,1.5,2,0.71,0.5,"FromSource","Vacuum","Individuals",1,1,NA,"Low elevation scrubland","Experiment with plants of Artemisia californica under different N treatments from different sites",NA,NA,NA,NA,NA,"Y","Y","Juan",1,1,1,3,"Supplementary material with raw data. Calculated abundances per site, order and feeding guild","",1.5,1,0.71,0.206311163963592,-0.405465108108164,0.122663296316225,"Treatment"
"Meza-Lopez_et_al_2018",2018,5,"5d",2012,2012,1,1,"North_America","USA","Santa_Cruz","36.970061",-122.122983,100,"Arthropoda","Insecta",NA,NA,"Parasitoid","NO","NO",NA,"NO",NA,20,"Added","NO3",4,2,4,1.15,0.58,1.5,2,0.71,0.5,"FromSource","Vacuum","Individuals",NA,NA,NA,"Low elevation scrubland","Experiment with plants of Artemisia californica under different N treatments from different sites",NA,NA,NA,NA,NA,"Y","Y","Juan",1,1,1,3,"Supplementary material with raw data. Calculated abundances per site, order and feeding guild","",1.5,2,0.71,1.15,0.287682072451781,0.194678472222222,"Treatment"
"Meza-Lopez_et_al_2018",2018,6,"6a",2012,2012,1,1,"North_America","USA","Golden_Gate","37.833875",-122.544592,100,"Arthropoda","Arachnida",NA,NA,"Predator","NO","NO",NA,"NO",NA,20,"Added","NO3",4,1.67,3,0.58,0.33,2.33,3,0.58,0.33,"FromSource","Vacuum","Individuals",NA,NA,NA,"Low elevation scrubland","Experiment with plants of Artemisia californica under different N treatments from different sites",NA,NA,NA,NA,NA,"Y","Y","Juan",1,1,1,3,"Supplementary material with raw data. Calculated abundances per site, order and feeding guild","",2.33,1.67,0.58,0.58,-0.333044641148946,0.0608619013139169,"Treatment"
"Meza-Lopez_et_al_2018",2018,6,"6b",2012,2012,1,1,"North_America","USA","Golden_Gate","37.833875",-122.544592,100,"Arthropoda","Insecta",NA,NA,"Herbivore","NO","NO",NA,"NO",NA,20,"Added","NO3",4,2,12,2.13,0.62,2.5,10,2.07,0.65,"FromSource","Vacuum","Individuals",NA,NA,NA,"Low elevation scrubland","Experiment with plants of Artemisia californica under different N treatments from different sites",NA,NA,NA,NA,NA,"Y","Y","Juan",1,1,1,3,"Supplementary material with raw data. Calculated abundances per site, order and feeding guild","",2.5,2,2.07,2.13,-0.22314355131421,0.16307715,"Treatment"
"Meza-Lopez_et_al_2018",2018,6,"6c",2012,2012,1,1,"North_America","USA","Golden_Gate","37.833875",-122.544592,100,"Arthropoda","Insecta",NA,NA,"Omnivore","NO","NO",NA,"NO",NA,20,"Added","NO3",4,1.5,2,0.71,0.5,2,1,NA,NA,"FromSource","Vacuum","Individuals",NA,NA,NA,"Low elevation scrubland","Experiment with plants of Artemisia californica under different N treatments from different sites",NA,NA,NA,NA,NA,"Y","Y","Juan",1,1,1,3,"Supplementary material with raw data. Calculated abundances per site, order and feeding guild","",2,1.5,0.409010763514613,0.71,-0.287682072451781,0.153844673389924,"Treatment"
"Meza-Lopez_et_al_2018",2018,6,"6d",2012,2012,1,1,"North_America","USA","Golden_Gate","37.833875",-122.544592,100,"Arthropoda","Insecta",NA,NA,"Parasitoid","NO","NO",NA,"NO",NA,20,"Added","NO3",4,3,1,NA,NA,1.33,3,0.58,0.33,"FromSource","Vacuum","Individuals",NA,NA,NA,"Low elevation scrubland","Experiment with plants of Artemisia californica under different N treatments from different sites",NA,NA,NA,NA,NA,"Y","Y","Juan",1,1,1,3,"Supplementary material with raw data. Calculated abundances per site, order and feeding guild","",1.33,3,0.58,0.618933491890777,0.813433346434447,0.105955857986806,"Treatment"
"Chen_et_al_2009",2009,8,"8a",2004,2005,1,5,"Asia","China","Jiulongshan","27.741539",117.964717,100,"Arthropoda","Insecta","Coleoptera",NA,"Detritivore","YES","NO",NA,"NO",NA,172.5,"Added","CO(NH2)2",240,3.96,3,1,0.58,2.98,3,0.97,0.56,"FromSource","Sweeps in crown and around tea trees, and tea plants were flapped 20 times","Individuals",NA,NA,NA,"Tea plants","15-year-old oolong tea plants",NA,NA,0,5.8,0,"Y","Y","Juan",1,1,1,3,"Figure 3","",2.98,3.96,0.97,1,0.284320724749076,0.0565738125793206,"Treatment"
"Chen_et_al_2009",2009,8,"8a",2004,2005,1,5,"Asia","China","Jiulongshan","27.741539",117.964717,100,"Arthropoda","Insecta","Coleoptera",NA,"Detritivore","YES","NO",NA,"NO",NA,345,"Added","CO(NH2)2",240,4.45,2,0.71,0.5,2.98,3,0.97,0.56,"FromSource","Sweeps in crown and around tea trees, and tea plants were flapped 20 times","Individuals",NA,NA,NA,"Tea plants","15-year-old oolong tea plants",NA,NA,0,5.8,0,"Y","Y","Juan",1,1,1,3,"Figure 3","",2.98,4.45,0.97,0.71,0.400980795660836,0.0480456690766623,"Treatment"
"Chen_et_al_2009",2009,8,"8a",2004,2005,1,5,"Asia","China","Jiulongshan","27.741539",117.964717,100,"Arthropoda","Insecta","Coleoptera",NA,"Detritivore","YES","NO",NA,"NO",NA,690,"Added","CO(NH2)2",240,3.95,3,0.99,0.57,2.98,3,0.97,0.56,"FromSource","Sweeps in crown and around tea trees, and tea plants were flapped 20 times","Individuals",NA,NA,NA,"Tea plants","15-year-old oolong tea plants",NA,NA,0,5.8,0,"Y","Y","Juan",1,1,1,3,"Figure 3","",2.98,3.95,0.97,0.99,0.281792278395717,0.0562564302826841,"Treatment"
"Chen_et_al_2009",2009,8,"8a",2004,2005,1,5,"Asia","China","Jiulongshan","27.741539",117.964717,100,"Arthropoda","Insecta","Coleoptera",NA,"Detritivore","YES","NO",NA,"NO",NA,1035,"Added","CO(NH2)2",240,5.94,3,1,0.58,2.98,3,0.97,0.56,"FromSource","Sweeps in crown and around tea trees, and tea plants were flapped 20 times","Individuals",NA,NA,NA,"Tea plants","15-year-old oolong tea plants",NA,NA,0,5.8,0,"Y","Y","Juan",1,1,1,3,"Figure 3","",2.98,5.94,0.97,1,0.68978583285724,0.0447647379195164,"Treatment"
"Chen_et_al_2009",2009,8,"8b",2004,2005,1,5,"Asia","China","Jiulongshan","27.741539",117.964717,100,"Arthropoda","Insecta","Coleoptera",NA,"Herbivore","YES","NO",NA,"NO",NA,172.5,"Added","CO(NH2)2",240,13.96,3,2,1.15,10.3,3,3.06,1.76,"FromSource","Sweeps in crown and around tea trees, and tea plants were flapped 20 times","Individuals",NA,NA,NA,"Tea plants","15-year-old oolong tea plants",NA,NA,0,5.8,0,"Y","Y","Juan",1,1,1,3,"Figure 3","",10.3,13.96,3.06,2,0.304052202098636,0.0362620645304338,"Treatment"
"Chen_et_al_2009",2009,8,"8b",2004,2005,1,5,"Asia","China","Jiulongshan","27.741539",117.964717,100,"Arthropoda","Insecta","Coleoptera",NA,"Herbivore","YES","NO",NA,"NO",NA,345,"Added","CO(NH2)2",240,10.97,2,2.83,2,10.3,3,3.06,1.76,"FromSource","Sweeps in crown and around tea trees, and tea plants were flapped 20 times","Individuals",NA,NA,NA,"Tea plants","15-year-old oolong tea plants",NA,NA,0,5.8,0,"Y","Y","Juan",1,1,1,3,"Figure 3","",10.3,10.97,3.06,2.83,0.0630203790515488,0.0626961889380459,"Treatment"
"Chen_et_al_2009",2009,8,"8b",2004,2005,1,5,"Asia","China","Jiulongshan","27.741539",117.964717,100,"Arthropoda","Insecta","Coleoptera",NA,"Herbivore","YES","NO",NA,"NO",NA,690,"Added","CO(NH2)2",240,9.97,3,2.01,1.16,10.3,3,3.06,1.76,"FromSource","Sweeps in crown and around tea trees, and tea plants were flapped 20 times","Individuals",NA,NA,NA,"Tea plants","15-year-old oolong tea plants",NA,NA,0,5.8,0,"Y","Y","Juan",1,1,1,3,"Figure 3","",10.3,9.97,3.06,2.01,-0.0325633112618431,0.0429684705847926,"Treatment"
"Chen_et_al_2009",2009,8,"8b",2004,2005,1,5,"Asia","China","Jiulongshan","27.741539",117.964717,100,"Arthropoda","Insecta","Coleoptera",NA,"Herbivore","YES","NO",NA,"NO",NA,1035,"Added","CO(NH2)2",240,11.64,3,1.53,0.88,10.3,3,3.06,1.76,"FromSource","Sweeps in crown and around tea trees, and tea plants were flapped 20 times","Individuals",NA,NA,NA,"Tea plants","15-year-old oolong tea plants",NA,NA,0,5.8,0,"Y","Y","Juan",1,1,1,3,"Figure 3","",10.3,11.64,3.06,1.53,0.122303547067702,0.035179417130507,"Treatment"
"Chen_et_al_2009",2009,8,"8c",2004,2005,1,5,"Asia","China","Jiulongshan","27.741539",117.964717,100,"Arthropoda","Insecta","Coleoptera",NA,"Predator","YES","NO",NA,"NO",NA,172.5,"Added","CO(NH2)2",240,4.97,2,2.82,2,5.3,3,1.53,0.89,"FromSource","Sweeps in crown and around tea trees, and tea plants were flapped 20 times","Individuals",NA,NA,NA,"Tea plants","15-year-old oolong tea plants",NA,NA,0,5.8,0,"Y","Y","Juan",1,1,1,3,"Figure 3","",5.3,4.97,1.53,2.82,-0.0642869804495388,0.1887524605253,"Treatment"
"Chen_et_al_2009",2009,8,"8c",2004,2005,1,5,"Asia","China","Jiulongshan","27.741539",117.964717,100,"Arthropoda","Insecta","Coleoptera",NA,"Predator","YES","NO",NA,"NO",NA,345,"Added","CO(NH2)2",240,4.62,3,1.52,0.88,5.3,3,1.53,0.89,"FromSource","Sweeps in crown and around tea trees, and tea plants were flapped 20 times","Individuals",NA,NA,NA,"Tea plants","15-year-old oolong tea plants",NA,NA,0,5.8,0,"Y","Y","Juan",1,1,1,3,"Figure 3","",5.3,4.62,1.53,1.52,-0.137312115464429,0.063859851720254,"Treatment"
"Chen_et_al_2009",2009,8,"8c",2004,2005,1,5,"Asia","China","Jiulongshan","27.741539",117.964717,100,"Arthropoda","Insecta","Coleoptera",NA,"Predator","YES","NO",NA,"NO",NA,690,"Added","CO(NH2)2",240,6.94,3,4.35,2.51,5.3,3,1.53,0.89,"FromSource","Sweeps in crown and around tea trees, and tea plants were flapped 20 times","Individuals",NA,NA,NA,"Tea plants","15-year-old oolong tea plants",NA,NA,0,5.8,0,"Y","Y","Juan",1,1,1,3,"Figure 3","",5.3,6.94,1.53,4.35,0.269594953960637,0.158738463910183,"Treatment"
"Chen_et_al_2009",2009,8,"8c",2004,2005,1,5,"Asia","China","Jiulongshan","27.741539",117.964717,100,"Arthropoda","Insecta","Coleoptera",NA,"Predator","YES","NO",NA,"NO",NA,1035,"Added","CO(NH2)2",240,5.95,2,1.41,1,5.3,3,1.53,0.89,"FromSource","Sweeps in crown and around tea trees, and tea plants were flapped 20 times","Individuals",NA,NA,NA,"Tea plants","15-year-old oolong tea plants",NA,NA,0,5.8,0,"Y","Y","Juan",1,1,1,3,"Figure 3","",5.3,5.95,1.53,1.41,0.115684398999462,0.0558570944135827,"Treatment"
"Cuesta_et_al_2008",2008,11,"11a",2005,2005,1,6,"Europe","Spain","Riopinos","43.044636",-5.409968,5000,"Arthropoda","Insecta","Coleoptera","Carabidae","Unknown","YES","NO",NA,"NO",NA,56,"Added","NH4NO3",400,14,6,NA,NA,17,6,NA,NA,NA,"Pitfall traps","Individuals",NA,NA,NA,"Mountain heathland of Calluna vulgaris","Mature heathland",NA,NA,NA,NA,NA,"Y","Y","Juan",0,1,1,2,"Tables 1, 2, 3","",17,14,3.47659148987421,2.88835629549029,-0.194156014440958,0.0140644579239523,"Treatment"
"Cuesta_et_al_2008",2008,11,"11b",2005,2005,1,6,"Europe","Spain","Riopinos","43.044636",-5.409968,5000,"Arthropoda","Insecta","Hemiptera",NA,"Unknown","YES","NO",NA,"NO",NA,56,"Added","NH4NO3",400,12,6,NA,NA,11,6,NA,NA,NA,"Pitfall traps","Individuals",NA,NA,NA,"Mountain heathland of Calluna vulgaris","Mature heathland",NA,NA,NA,NA,NA,"Y","Y","Juan",0,1,1,2,"Tables 1, 2, 3","",11,12,2.24955919933037,2.47573396756311,0.0870113769896297,0.0140644579239523,"Treatment"
"Cuesta_et_al_2008",2008,12,"12a",2005,2006,2,8,"Europe","Spain","Riopinos","43.044636",-5.409968,5000,"Arthropoda","Insecta","Coleoptera","Carabidae","Unknown","YES","NO",NA,"NO",NA,56,"Added","NH4NO3",400,20,6,NA,NA,20,6,NA,NA,NA,"Pitfall traps","Individuals",NA,NA,NA,"Mountain heathland of Calluna vulgaris","Mature heathland",NA,NA,NA,NA,NA,"Y","Y","Juan",0,1,1,2,"Tables 1, 2, 3","",20,20,4.09010763514613,4.12622327927185,0,0.0140644579239523,"Treatment"
"Cuesta_et_al_2008",2008,12,"12b",2005,2006,2,8,"Europe","Spain","Riopinos","43.044636",-5.409968,5000,"Arthropoda","Insecta","Hemiptera",NA,"Unknown","YES","NO",NA,"NO",NA,56,"Added","NH4NO3",400,13,6,NA,NA,12,6,NA,NA,NA,"Pitfall traps","Individuals",NA,NA,NA,"Mountain heathland of Calluna vulgaris","Mature heathland",NA,NA,NA,NA,NA,"Y","Y","Juan",0,1,1,2,"Tables 1, 2, 3","",12,13,2.45406458108768,2.6820451315267,0.0800427076735364,0.0140644579239523,"Treatment"
"Fountain_et_al_2008",2008,13,"13a",1999,2002,4,4,"Europe","UK","Sourhope_Research_Station_field","55.469722",-2.230833,100,"Arthropoda","Collembola",NA,NA,"Detritivore","NO","NO",NA,"NO",NA,240,"Added","NH4NO3",240,8.8,5,0.83,0.37,8,5,1.59,0.71,"FromSE","Pitfall traps","Individuals",NA,NA,NA,"Grassland","Grazing animals but excluded during experiment",NA,"950",NA,6,NA,"Y","Y","Juan",1,1,1,3,"Table 3","",8,8.8,1.59,0.83,0.0953101798043249,0.00967949638429752,"Treatment"
"Fountain_et_al_2008",2008,14,"14a",1999,2003,5,4,"Europe","UK","Sourhope_Research_Station_field","55.469722",-2.230833,100,"Arthropoda","Arachnida","Araneae","Linyphiidae","Predator","NO","NO",NA,"NO",NA,240,"Added","NH4NO3",240,19.6,5,2.08,0.93,20.6,5,3.8,1.7,"FromSE","Pitfall traps","Individuals",NA,NA,NA,"Grassland","Grazing animals but excluded during experiment",NA,"950",NA,6,NA,"Y","Y","Juan",1,1,1,3,"Table 3","",20.6,19.6,3.8,2.08,-0.0497615095590638,0.00905793729943092,"Treatment"
"De_et_al_2016",2016,15,"15a",2006,2013,8,1,"Asia","China","Inner_Mongolia","41.783333",111.883333,0,"Arthropoda","Entognatha","Collembola",NA,"Omnivore","NO","YES","0-20","NO",NA,100,"Added","NH4NO3",12,2,6,NA,NA,1.15,6,NA,NA,"FromSource","Tullgren funnel 24h","Individuals/m2",NA,NA,NA,"Grassland steppe","Experimental grassland in Inner Mongolia","1-6","248",NA,NA,NA,"Y","Y","Fiona",0,1,1,2,"Figure 1","",1.15,2,0.235181189020902,0.412622327927185,0.553385238184787,0.0140644579239523,"Treatment"
"De_et_al_2016",2016,15,"15b",2006,2013,8,1,"Asia","China","Inner_Mongolia","41.783333",111.883333,0,"Arthropoda","Arachnida","Prostigmata",NA,"Predator","NO","YES","0-20","NO",NA,100,"Added","NH4NO3",12,0.17,6,NA,NA,0.68,6,NA,NA,"FromSource","Tullgren funnel 24h","Individuals/m2",NA,NA,NA,"Grassland steppe","Experimental grassland in Inner Mongolia","1-6","248",NA,NA,NA,"Y","Y","Fiona",0,1,1,2,"Figure 1","",0.68,0.17,0.139063659594968,0.0350728978738107,-1.38629436111989,0.0140644579239523,"Treatment"
"De_et_al_2016",2016,15,"15c",2006,2013,8,1,"Asia","China","Inner_Mongolia","41.783333",111.883333,0,"Arthropoda","Arachnida","Oribatida",NA,"Predator","NO","YES","0-20","NO",NA,100,"Added","NH4NO3",12,2,6,NA,NA,2,6,NA,NA,"FromSource","Tullgren funnel 24h","Individuals/m2",NA,NA,NA,"Grassland steppe","Experimental grassland in Inner Mongolia","1-6","248",NA,NA,NA,"Y","Y","Fiona",0,1,1,2,"Figure 1","",2,2,0.409010763514613,0.412622327927185,0,0.0140644579239523,"Treatment"
"De_et_al_2016",2016,15,"15d",2006,2013,8,1,"Asia","China","Inner_Mongolia","41.783333",111.883333,0,"Arthropoda","Arachnida","Mesostigmata",NA,"Predator","NO","YES","0-20","NO",NA,100,"Added","NH4NO3",12,0.83,6,NA,NA,0,6,NA,NA,"FromSource","Tullgren funnel 24h","Individuals/m2",12,12,NA,"Grassland steppe","Experimental grassland in Inner Mongolia","1-6","248",NA,NA,NA,"Y","Y","Fiona",0,1,1,2,"Figure 1","",0.00694444444444444,0.83,0.00142017626220352,0.171238266089782,4.78348372138451,0.0140644579239523,"Treatment"
"De_et_al_2016",2016,15,"15e",2006,2013,8,1,"Asia","China","Inner_Mongolia","41.783333",111.883333,0,"Arthropoda","Insecta","Hymenoptera","Formicidae","Predator","NO","YES","0-20","NO",NA,100,"Added","NH4NO3",12,0,6,NA,NA,0.18,6,NA,NA,"FromSource","Tullgren funnel 24h","Individuals/m2",12,12,NA,"Grassland steppe","Experimental grassland in Inner Mongolia","1-6","248",NA,NA,NA,"Y","Y","Fiona",0,1,1,2,"Figure 1","",0.18,0.00694444444444444,0.0368109687163152,0.00143271641641384,-3.25501487148407,0.0140644579239523,"Treatment"
"Li_et_al_2019",2019,16,"16a",2007,2014,8,3,"Asia","China","Sichuan","29.7",103.233333,0,"Arthropoda",NA,NA,NA,"Unknown","YES","NO","0-15","NO",NA,50,"Added","NH4NO3",9,3.33,3,1.5,0.87,3.34,3,0.57,0.33,"FromSource","Tullgren funnel 48h","Individuals",NA,NA,NA,"Plantation of Pleioblastus amarus","Plantation of Pleioblastus amarus","6.6-25.7","1489.8",4.6,NA,NA,"Y","Y","Fiona",1,1,1,3,"Figure 2","Each study indicate difference time",3.34,3.33,0.57,1.5,-0.00299850299625656,0.0773433314232118,"Treatment"
"Li_et_al_2019",2019,16,"16a",2007,2014,8,3,"Asia","China","Sichuan","29.7",103.233333,0,"Arthropoda",NA,NA,NA,"Unknown","YES","NO","0-15","NO",NA,150,"Added","NH4NO3",9,2,3,1.02,0.59,3.34,3,0.57,0.33,"FromSource","Tullgren funnel 48h","Individuals",NA,NA,NA,"Plantation of Pleioblastus amarus","Plantation of Pleioblastus amarus","6.6-25.7","1489.8",4.6,NA,NA,"Y","Y","Fiona",1,1,1,3,"Figure 2","Each study indicate difference time",3.34,2,0.57,1.02,-0.512823626428664,0.0964081286528739,"Treatment"
"Li_et_al_2019",2019,16,"16a",2007,2014,8,3,"Asia","China","Sichuan","29.7",103.233333,0,"Arthropoda",NA,NA,NA,"Unknown","YES","NO","0-15","NO",NA,300,"Added","NH4NO3",9,3.86,3,1.58,0.91,3.34,3,0.57,0.33,"FromSource","Tullgren funnel 48h","Individuals",NA,NA,NA,"Plantation of Pleioblastus amarus","Plantation of Pleioblastus amarus","6.6-25.7","1489.8",4.6,NA,NA,"Y","Y","Fiona",1,1,1,3,"Figure 2","Each study indicate difference time",3.34,3.86,0.57,1.58,0.144696376488131,0.0655575026852864,"Treatment"
"Li_et_al_2019",2019,17,"17a",2007,2014,8,3,"Asia","China","Sichuan","29.7",103.233333,0,"Arthropoda",NA,NA,NA,"Unknown","YES","NO","0-15","NO",NA,50,"Added","NH4NO3",9,3,3,0,0,2,3,1.02,0.59,"FromSource","Tullgren funnel 48h","Individuals",1,1,NA,"Plantation of Pleioblastus amarus","Plantation of Pleioblastus amarus","6.6-25.7","1489.8",4.6,NA,NA,"Y","Y","Fiona",1,1,1,3,"Figure 2","Each study indicate difference time",2,3,1.02,0.618933491890777,0.405465108108164,0.100888098792004,"Treatment"
"Li_et_al_2019",2019,17,"17a",2007,2014,8,3,"Asia","China","Sichuan","29.7",103.233333,0,"Arthropoda",NA,NA,NA,"Unknown","YES","NO","0-15","NO",NA,150,"Added","NH4NO3",9,2,3,1.01,0.58,2,3,1.02,0.59,"FromSource","Tullgren funnel 48h","Individuals",NA,NA,NA,"Plantation of Pleioblastus amarus","Plantation of Pleioblastus amarus","6.6-25.7","1489.8",4.6,NA,NA,"Y","Y","Fiona",1,1,1,3,"Figure 2","Each study indicate difference time",2,2,1.02,1.01,0,0.171708333333333,"Treatment"
"Li_et_al_2019",2019,17,"17a",2007,2014,8,3,"Asia","China","Sichuan","29.7",103.233333,0,"Arthropoda",NA,NA,NA,"Unknown","YES","NO","0-15","NO",NA,300,"Added","NH4NO3",9,2.66,3,1.15,0.66,2,3,1.02,0.59,"FromSource","Tullgren funnel 48h","Individuals",NA,NA,NA,"Plantation of Pleioblastus amarus","Plantation of Pleioblastus amarus","6.6-25.7","1489.8",4.6,NA,NA,"Y","Y","Fiona",1,1,1,3,"Figure 2","Each study indicate difference time",2,2.66,1.02,1.15,0.285178942233662,0.149003314677672,"Treatment"
"Li_et_al_2019",2019,18,"18a",2007,2015,9,3,"Asia","China","Sichuan","29.7",103.233333,0,"Arthropoda",NA,NA,NA,"Unknown","YES","NO","0-15","NO",NA,50,"Added","NH4NO3",9,4.35,3,0.59,0.34,3.66,3,1.53,0.88,"FromSource","Tullgren funnel 48h","Individuals",NA,NA,NA,"Plantation of Pleioblastus amarus","Plantation of Pleioblastus amarus","6.6-25.7","1489.8",4.6,NA,NA,"Y","Y","Fiona",1,1,1,3,"Figure 2","Each study indicate difference time",3.66,4.35,1.53,0.59,0.172712697687318,0.0643825000742371,"Treatment"
"Li_et_al_2019",2019,18,"18a",2007,2015,9,3,"Asia","China","Sichuan","29.7",103.233333,0,"Arthropoda",NA,NA,NA,"Unknown","YES","NO","0-15","NO",NA,150,"Added","NH4NO3",9,2.67,3,1.14,0.66,3.66,3,1.53,0.88,"FromSource","Tullgren funnel 48h","Individuals",NA,NA,NA,"Plantation of Pleioblastus amarus","Plantation of Pleioblastus amarus","6.6-25.7","1489.8",4.6,NA,NA,"Y","Y","Fiona",1,1,1,3,"Figure 2","Each study indicate difference time",3.66,2.67,1.53,1.14,-0.315384675001117,0.119017208510137,"Treatment"
"Li_et_al_2019",2019,18,"18a",2007,2015,9,3,"Asia","China","Sichuan","29.7",103.233333,0,"Arthropoda",NA,NA,NA,"Unknown","YES","NO","0-15","NO",NA,300,"Added","NH4NO3",9,2,3,1.04,0.6,3.66,3,1.53,0.88,"FromSource","Tullgren funnel 48h","Individuals",NA,NA,NA,"Plantation of Pleioblastus amarus","Plantation of Pleioblastus amarus","6.6-25.7","1489.8",4.6,NA,NA,"Y","Y","Fiona",1,1,1,3,"Figure 2","Each study indicate difference time",3.66,2,1.53,1.04,-0.60431596685333,0.148383803637015,"Treatment"
"Cheng_et_al_2017",2017,19,"19a",2011,2015,5,2,"Asia","China","Inner_Mongolia_Steppe","44.166667",116.466667,0,"Arthropoda",NA,NA,NA,"Herbivore","YES","NO",NA,"NO",NA,25,"Added","CO(NH2)2",NA,2.4,5,1.52,0.68,2.8,5,1.61,0.72,"FromSource","Pitfall traps","Individuals",NA,NA,NA,"Grassland steppe","Experimental grassland in Inner Mongolia","-1.1-0.2","280-345",8.55,NA,NA,"Y","Y","Fiona",1,1,1,3,"Figure 3","Each study indicate difference time; data extacted using Digitizeit",2.8,2.4,1.61,1.52,-0.154150679827258,0.146347222222222,"Treatment"
"Cheng_et_al_2017",2017,19,"19a",2011,2015,5,2,"Asia","China","Inner_Mongolia_Steppe","44.166667",116.466667,0,"Arthropoda",NA,NA,NA,"Herbivore","YES","NO",NA,"NO",NA,50,"Added","CO(NH2)2",NA,1.6,5,0.56,0.25,2.8,5,1.61,0.72,"FromSource","Pitfall traps","Individuals",NA,NA,NA,"Grassland steppe","Experimental grassland in Inner Mongolia","-1.1-0.2","280-345",8.52,NA,NA,"Y","Y","Fiona",1,1,1,3,"Figure 3","Each study indicate difference time; data extacted using Digitizeit",2.8,1.6,1.61,0.56,-0.559615787935423,0.090625,"Treatment"
"Cheng_et_al_2017",2017,19,"19a",2011,2015,5,2,"Asia","China","Inner_Mongolia_Steppe","44.166667",116.466667,0,"Arthropoda",NA,NA,NA,"Herbivore","YES","NO",NA,"NO",NA,100,"Added","CO(NH2)2",NA,2.4,5,0.52,0.23,2.8,5,1.61,0.72,"FromSource","Pitfall traps","Individuals",NA,NA,NA,"Grassland steppe","Experimental grassland in Inner Mongolia","-1.1-0.2","280-345",8.42,NA,NA,"Y","Y","Fiona",1,1,1,3,"Figure 3","Each study indicate difference time; data extacted using Digitizeit",2.8,2.4,1.61,0.52,-0.154150679827258,0.0755138888888889,"Treatment"
"Cheng_et_al_2017",2017,20,"20a",2011,2015,5,2,"Asia","China","Inner_Mongolia_Steppe","44.166667",116.466667,0,"Arthropoda",NA,NA,NA,"Herbivore","YES","NO",NA,"NO",NA,25,"Added","CO(NH2)2",NA,2.79,5,1.61,0.72,2.62,5,0.84,0.37,"FromSource","Pitfall traps","Individuals",NA,NA,NA,"Grassland steppe","Experimental grassland in Inner Mongolia","-1.1-0.2","280-345",8.55,NA,NA,"Y","Y","Fiona",1,1,1,3,"Figure 3","Each study indicate difference time; data extacted using Digitizeit",2.62,2.79,0.84,1.61,0.0628672780602688,0.0871581063516358,"Treatment"
"Cheng_et_al_2017",2017,20,"20a",2011,2015,5,2,"Asia","China","Inner_Mongolia_Steppe","44.166667",116.466667,0,"Arthropoda",NA,NA,NA,"Herbivore","YES","NO",NA,"NO",NA,50,"Added","CO(NH2)2",NA,2.56,5,0.94,0.42,2.62,5,0.84,0.37,"FromSource","Pitfall traps","Individuals",NA,NA,NA,"Grassland steppe","Experimental grassland in Inner Mongolia","-1.1-0.2","280-345",8.52,NA,NA,"Y","Y","Fiona",1,1,1,3,"Figure 3","Each study indicate difference time; data extacted using Digitizeit",2.62,2.56,0.84,0.94,-0.0231670592815344,0.0475235745579093,"Treatment"
"Cheng_et_al_2017",2017,20,"20a",2011,2015,5,2,"Asia","China","Inner_Mongolia_Steppe","44.166667",116.466667,0,"Arthropoda",NA,NA,NA,"Herbivore","YES","NO",NA,"NO",NA,100,"Added","CO(NH2)2",NA,3.6,5,0.87,0.39,2.62,5,0.84,0.37,"FromSource","Pitfall traps","Individuals",NA,NA,NA,"Grassland steppe","Experimental grassland in Inner Mongolia","-1.1-0.2","280-345",8.42,NA,NA,"Y","Y","Fiona",1,1,1,3,"Figure 3","Each study indicate difference time; data extacted using Digitizeit",2.62,3.6,0.84,0.87,0.317759527689059,0.0322387980822148,"Treatment"
"Cheng_et_al_2017",2017,19,"19b",2011,2015,5,2,"Asia","China","Inner_Mongolia_Steppe","44.166667",116.466667,0,"Arthropoda",NA,NA,NA,"Predator","YES","NO",NA,"NO",NA,25,"Added","CO(NH2)2",NA,3.4,5,1.16,0.52,3,5,1.24,0.56,"FromSource","Pitfall traps","Individuals",NA,NA,NA,"Grassland steppe","Experimental grassland in Inner Mongolia","-1.1-0.2","280-345",8.55,NA,NA,"Y","Y","Fiona",1,1,1,3,"Figure 3","Each study indicate difference time; data extacted using Digitizeit",3,3.4,1.24,1.16,0.125163142954006,0.0574491657054979,"Treatment"
"Cheng_et_al_2017",2017,19,"19b",2011,2015,5,2,"Asia","China","Inner_Mongolia_Steppe","44.166667",116.466667,0,"Arthropoda",NA,NA,NA,"Predator","YES","NO",NA,"NO",NA,50,"Added","CO(NH2)2",NA,3.4,5,0.54,0.24,3,5,1.24,0.56,"FromSource","Pitfall traps","Individuals",NA,NA,NA,"Grassland steppe","Experimental grassland in Inner Mongolia","-1.1-0.2","280-345",8.52,NA,NA,"Y","Y","Fiona",1,1,1,3,"Figure 3","Each study indicate difference time; data extacted using Digitizeit",3,3.4,1.24,0.54,0.125163142954006,0.0392138715878508,"Treatment"
"Cheng_et_al_2017",2017,19,"19b",2011,2015,5,2,"Asia","China","Inner_Mongolia_Steppe","44.166667",116.466667,0,"Arthropoda",NA,NA,NA,"Predator","YES","NO",NA,"NO",NA,100,"Added","CO(NH2)2",NA,2.8,5,1.27,0.57,3,5,1.24,0.56,"FromSource","Pitfall traps","Individuals",NA,NA,NA,"Grassland steppe","Experimental grassland in Inner Mongolia","-1.1-0.2","280-345",8.42,NA,NA,"Y","Y","Fiona",1,1,1,3,"Figure 3","Each study indicate difference time; data extacted using Digitizeit",3,2.8,1.24,1.27,-0.0689928714869516,0.0753142970521542,"Treatment"
"Cheng_et_al_2017",2017,20,"20b",2011,2015,5,2,"Asia","China","Inner_Mongolia_Steppe","44.166667",116.466667,0,"Arthropoda",NA,NA,NA,"Predator","YES","NO",NA,"NO",NA,25,"Added","CO(NH2)2",NA,2,5,0.99,0.44,2,5,0.8,2,"FromSource","Pitfall traps","Individuals",NA,NA,NA,"Grassland steppe","Experimental grassland in Inner Mongolia","-1.1-0.2","280-345",8.55,NA,NA,"Y","Y","Fiona",1,1,1,3,"Figure 3","Each study indicate difference time; data extacted using Digitizeit",2,2,0.8,0.99,0,0.081005,"Treatment"
"Cheng_et_al_2017",2017,20,"20b",2011,2015,5,2,"Asia","China","Inner_Mongolia_Steppe","44.166667",116.466667,0,"Arthropoda",NA,NA,NA,"Predator","YES","NO",NA,"NO",NA,50,"Added","CO(NH2)2",NA,1.4,5,0.84,0.38,2,5,0.8,2,"FromSource","Pitfall traps","Individuals",NA,NA,NA,"Grassland steppe","Experimental grassland in Inner Mongolia","-1.1-0.2","280-345",8.52,NA,NA,"Y","Y","Fiona",1,1,1,3,"Figure 3","Each study indicate difference time; data extacted using Digitizeit",2,1.4,0.8,0.84,-0.356674943938732,0.104,"Treatment"
"Cheng_et_al_2017",2017,20,"20b",2011,2015,5,2,"Asia","China","Inner_Mongolia_Steppe","44.166667",116.466667,0,"Arthropoda",NA,NA,NA,"Predator","YES","NO",NA,"NO",NA,100,"Added","CO(NH2)2",NA,1,5,0.96,0.43,2,5,0.8,2,"FromSource","Pitfall traps","Individuals",NA,NA,NA,"Grassland steppe","Experimental grassland in Inner Mongolia","-1.1-0.2","280-345",8.42,NA,NA,"Y","Y","Fiona",1,1,1,3,"Figure 3","Each study indicate difference time; data extacted using Digitizeit",2,1,0.8,0.96,-0.693147180559945,0.21632,"Treatment"
"Cheng_et_al_2017",2017,19,"19c",2011,2015,5,2,"Asia","China","Inner_Mongolia_Steppe","44.166667",116.466667,0,"Arthropoda",NA,NA,NA,"Omnivore","YES","NO",NA,"NO",NA,25,"Added","CO(NH2)2",NA,0.8,5,1.1,0.49,1,5,1,0.45,"FromSource","Pitfall traps","Individuals",NA,NA,NA,"Grassland steppe","Experimental grassland in Inner Mongolia","-1.1-0.2","280-345",8.55,NA,NA,"Y","Y","Fiona",1,1,1,3,"Figure 3","Each study indicate difference time; data extacted using Digitizeit",1,0.8,1,1.1,-0.22314355131421,0.578125,"Treatment"
"Cheng_et_al_2017",2017,19,"19c",2011,2015,5,2,"Asia","China","Inner_Mongolia_Steppe","44.166667",116.466667,0,"Arthropoda",NA,NA,NA,"Omnivore","YES","NO",NA,"NO",NA,50,"Added","CO(NH2)2",NA,1,5,0.71,0.32,1,5,1,0.45,"FromSource","Pitfall traps","Individuals",NA,NA,NA,"Grassland steppe","Experimental grassland in Inner Mongolia","-1.1-0.2","280-345",8.52,NA,NA,"Y","Y","Fiona",1,1,1,3,"Figure 3","Each study indicate difference time; data extacted using Digitizeit",1,1,1,0.71,0,0.30082,"Treatment"
"Cheng_et_al_2017",2017,19,"19c",2011,2015,5,2,"Asia","China","Inner_Mongolia_Steppe","44.166667",116.466667,0,"Arthropoda",NA,NA,NA,"Omnivore","YES","NO",NA,"NO",NA,100,"Added","CO(NH2)2",NA,0.8,5,0.44,0.2,1,5,1,0.45,"FromSource","Pitfall traps","Individuals",NA,NA,NA,"Grassland steppe","Experimental grassland in Inner Mongolia","-1.1-0.2","280-345",8.42,NA,NA,"Y","Y","Fiona",1,1,1,3,"Figure 3","Each study indicate difference time; data extacted using Digitizeit",1,0.8,1,0.44,-0.22314355131421,0.2605,"Treatment"
"Cheng_et_al_2017",2017,20,"20c",2011,2015,5,2,"Asia","China","Inner_Mongolia_Steppe","44.166667",116.466667,0,"Arthropoda",NA,NA,NA,"Omnivore","YES","NO",NA,"NO",NA,25,"Added","CO(NH2)2",NA,0.8,5,0.86,0.38,0.8,5,0.86,0.38,"FromSource","Pitfall traps","Individuals",NA,NA,NA,"Grassland steppe","Experimental grassland in Inner Mongolia","-1.1-0.2","280-345",8.55,NA,NA,"Y","Y","Fiona",1,1,1,3,"Figure 3","Each study indicate difference time; data extacted using Digitizeit",0.8,0.8,0.86,0.86,0,0.46225,"Treatment"
"Cheng_et_al_2017",2017,20,"20c",2011,2015,5,2,"Asia","China","Inner_Mongolia_Steppe","44.166667",116.466667,0,"Arthropoda",NA,NA,NA,"Omnivore","YES","NO",NA,"NO",NA,50,"Added","CO(NH2)2",NA,1.25,5,0.56,0.25,0.8,5,0.86,0.38,"FromSource","Pitfall traps","Individuals",NA,NA,NA,"Grassland steppe","Experimental grassland in Inner Mongolia","-1.1-0.2","280-345",8.52,NA,NA,"Y","Y","Fiona",1,1,1,3,"Figure 3","Each study indicate difference time; data extacted using Digitizeit",0.8,1.25,0.86,0.56,0.44628710262842,0.2712658,"Treatment"
"Cheng_et_al_2017",2017,20,"20c",2011,2015,5,2,"Asia","China","Inner_Mongolia_Steppe","44.166667",116.466667,0,"Arthropoda",NA,NA,NA,"Omnivore","YES","NO",NA,"NO",NA,100,"Added","CO(NH2)2",NA,0.6,5,0.88,0.4,0.8,5,0.86,0.38,"FromSource","Pitfall traps","Individuals",NA,NA,NA,"Grassland steppe","Experimental grassland in Inner Mongolia","-1.1-0.2","280-345",8.42,NA,NA,"Y","Y","Fiona",1,1,1,3,"Figure 3","Each study indicate difference time; data extacted using Digitizeit",0.8,0.6,0.86,0.88,-0.287682072451781,0.661347222222222,"Treatment"
"Cheng_et_al_2017",2017,19,"19d",2011,2015,5,2,"Asia","China","Inner_Mongolia_Steppe","44.166667",116.466667,0,"Arthropoda",NA,NA,NA,"Detritivore","YES","NO",NA,"NO",NA,25,"Added","CO(NH2)2",NA,1.78,5,1.53,0.68,1.8,5,0.44,0.2,"FromSource","Pitfall traps","Individuals",NA,NA,NA,"Grassland steppe","Experimental grassland in Inner Mongolia","-1.1-0.2","280-345",8.55,NA,NA,"Y","Y","Fiona",1,1,1,3,"Figure 3","Each study indicate difference time; data extacted using Digitizeit",1.8,1.78,0.44,1.53,-0.0111733005981252,0.159716050941317,"Treatment"
"Cheng_et_al_2017",2017,19,"19d",2011,2015,5,2,"Asia","China","Inner_Mongolia_Steppe","44.166667",116.466667,0,"Arthropoda",NA,NA,NA,"Detritivore","YES","NO",NA,"NO",NA,50,"Added","CO(NH2)2",NA,2,5,0.72,0.32,1.8,5,0.44,0.2,"FromSource","Pitfall traps","Individuals",NA,NA,NA,"Grassland steppe","Experimental grassland in Inner Mongolia","-1.1-0.2","280-345",8.52,NA,NA,"Y","Y","Fiona",1,1,1,3,"Figure 3","Each study indicate difference time; data extacted using Digitizeit",1.8,2,0.44,0.72,0.105360515657826,0.0378706172839506,"Treatment"
"Cheng_et_al_2017",2017,19,"19d",2011,2015,5,2,"Asia","China","Inner_Mongolia_Steppe","44.166667",116.466667,0,"Arthropoda",NA,NA,NA,"Detritivore","YES","NO",NA,"NO",NA,100,"Added","CO(NH2)2",NA,0.8,5,0.84,0.38,1.8,5,0.44,0.2,"FromSource","Pitfall traps","Individuals",NA,NA,NA,"Grassland steppe","Experimental grassland in Inner Mongolia","-1.1-0.2","280-345",8.42,NA,NA,"Y","Y","Fiona",1,1,1,3,"Figure 3","Each study indicate difference time; data extacted using Digitizeit",1.8,0.8,0.44,0.84,-0.810930216216329,0.232450617283951,"Treatment"
"Cheng_et_al_2017",2017,20,"20d",2011,2015,5,2,"Asia","China","Inner_Mongolia_Steppe","44.166667",116.466667,0,"Arthropoda",NA,NA,NA,"Detritivore","YES","NO",NA,"NO",NA,25,"Added","CO(NH2)2",NA,0.78,5,0.84,0.38,1.18,5,0.48,0.21,"FromSource","Pitfall traps","Individuals",NA,NA,NA,"Grassland steppe","Experimental grassland in Inner Mongolia","-1.1-0.2","280-345",8.55,NA,NA,"Y","Y","Fiona",1,1,1,3,"Figure 3","Each study indicate difference time; data extacted using Digitizeit",1.18,0.78,0.48,0.84,-0.413975797776073,0.265046601245306,"Treatment"
"Cheng_et_al_2017",2017,20,"20d",2011,2015,5,2,"Asia","China","Inner_Mongolia_Steppe","44.166667",116.466667,0,"Arthropoda",NA,NA,NA,"Detritivore","YES","NO",NA,"NO",NA,50,"Added","CO(NH2)2",NA,1,5,0.69,0.31,1.18,5,0.48,0.21,"FromSource","Pitfall traps","Individuals",NA,NA,NA,"Grassland steppe","Experimental grassland in Inner Mongolia","-1.1-0.2","280-345",8.52,NA,NA,"Y","Y","Fiona",1,1,1,3,"Figure 3","Each study indicate difference time; data extacted using Digitizeit",1.18,1,0.48,0.69,-0.165514438477573,0.128313938523413,"Treatment"
"Cheng_et_al_2017",2017,20,"20d",2011,2015,5,2,"Asia","China","Inner_Mongolia_Steppe","44.166667",116.466667,0,"Arthropoda",NA,NA,NA,"Detritivore","YES","NO",NA,"NO",NA,100,"Added","CO(NH2)2",NA,1.58,5,0.57,0.26,1.18,5,0.48,0.21,"FromSource","Pitfall traps","Individuals",NA,NA,NA,"Grassland steppe","Experimental grassland in Inner Mongolia","-1.1-0.2","280-345",8.42,NA,NA,"Y","Y","Fiona",1,1,1,3,"Figure 3","Each study indicate difference time; data extacted using Digitizeit",1.18,1.58,0.48,0.57,0.291910408561302,0.0591234209781476,"Treatment"
"Jones_et_al_2011",2011,24,"24a",1997,2000,4,1,"North_America","USA","Barton_Flats","34.169444",-116.906944,100,"Arthropoda","Insecta",NA,NA,"Herbivore","YES",NA,NA,"NO",NA,150,"Added","CO(NH2)2",0.25,5.51,36,1.469387755,0.24,4.96,36,3.153061224,0.53,"From95CI","Manually removed from foliage","Individuals/0.5m2",NA,NA,NA,"Bracken fern","Bracken fern",NA,NA,NA,NA,NA,"Y","Y","Juan",1,1,1,3,"Figure 3","Each study is a different sampling period as defined in the paper (early, mid, full, summer)",4.96,5.51,3.153061224,1.469387755,0.105158882427987,0.0132007807408135,"Treatment"
"Jones_et_al_2011",2011,25,"25a",1997,2000,4,1,"North_America","USA","Barton_Flats","34.169444",-116.906944,100,"Arthropoda","Insecta",NA,NA,"Herbivore","YES",NA,NA,"NO",NA,150,"Added","CO(NH2)2",0.25,5.89,36,6.397959184,1.07,6.37,36,4.928571429,0.82,"From95CI","Manually removed from foliage","Individuals/0.5m2",NA,NA,NA,"Bracken fern","Bracken fern",NA,NA,NA,NA,NA,"Y","Y","Juan",1,1,1,3,"Figure 3","Each study is a different sampling period as defined in the paper (early, mid, full, summer)",6.37,5.89,4.928571429,6.397959184,-0.0783434719205767,0.0494043324866674,"Treatment"
"Jones_et_al_2011",2011,26,"26a",1997,2000,4,1,"North_America","USA","Barton_Flats","34.169444",-116.906944,100,"Arthropoda","Insecta",NA,NA,"Herbivore","YES",NA,NA,"NO",NA,150,"Added","CO(NH2)2",0.25,7.42,36,7.867346939,1.31,6.87,36,6.551020408,1.09,"From95CI","Manually removed from foliage","Individuals/0.5m2",NA,NA,NA,"Bracken fern","Bracken fern",NA,NA,NA,NA,NA,"Y","Y","Juan",1,1,1,3,"Figure 3","Each study is a different sampling period as defined in the paper (early, mid, full, summer)",6.87,7.42,6.551020408,7.867346939,0.0770149509450311,0.056486325421177,"Treatment"
"Jones_et_al_2011",2011,27,"27a",1997,2000,4,1,"North_America","USA","Barton_Flats","34.169444",-116.906944,100,"Arthropoda","Insecta",NA,NA,"Herbivore","YES",NA,NA,"NO",NA,150,"Added","CO(NH2)2",0.25,7.25,36,8.387755102,1.4,5.51,36,7.56122449,1.26,"From95CI","Manually removed from foliage","Individuals/0.5m2",NA,NA,NA,"Bracken fern","Bracken fern",NA,NA,NA,NA,NA,"Y","Y","Juan",1,1,1,3,"Figure 3","Each study is a different sampling period as defined in the paper (early, mid, full, summer)",5.51,7.25,7.56122449,8.387755102,0.27443684570176,0.0894895656362817,"Treatment"
"Jones_et_al_2011",2011,28,"28a",1997,2000,4,1,"North_America","USA","Camp_Paivika","34.234722",-117.323611,100,"Arthropoda","Insecta",NA,NA,"Herbivore","YES",NA,NA,"NO",NA,150,"Added","CO(NH2)2",0.25,6.19,36,8.632653061,1.44,4.4,36,4.867346939,0.81,"From95CI","Manually removed from foliage","Individuals/0.5m2",NA,NA,NA,"Bracken fern","Bracken fern",NA,NA,NA,NA,NA,"Y","Y","Juan",1,1,1,3,"Figure 3","Each study is a different sampling period as defined in the paper (early, mid, full, summer)",4.4,6.19,4.867346939,8.632653061,0.341330545772289,0.0880182467569067,"Treatment"
"Jones_et_al_2011",2011,29,"29a",1997,2000,4,1,"North_America","USA","Camp_Paivika","34.234722",-117.323611,100,"Arthropoda","Insecta",NA,NA,"Herbivore","YES",NA,NA,"NO",NA,150,"Added","CO(NH2)2",0.25,7.5,36,4.530612245,0.76,7.32,36,2.020408163,0.34,"From95CI","Manually removed from foliage","Individuals/0.5m2",NA,NA,NA,"Bracken fern","Bracken fern",NA,NA,NA,NA,NA,"Y","Y","Juan",1,1,1,3,"Figure 3","Each study is a different sampling period as defined in the paper (early, mid, full, summer)",7.32,7.5,2.020408163,4.530612245,0.0242926925690445,0.0122527018729907,"Treatment"
"Jones_et_al_2011",2011,30,"30a",1997,2000,4,1,"North_America","USA","Camp_Paivika","34.234722",-117.323611,100,"Arthropoda","Insecta",NA,NA,"Herbivore","YES",NA,NA,"NO",NA,150,"Added","CO(NH2)2",0.25,12.81,36,6.704081633,1.12,7.1,36,8.846938776,1.47,"From95CI","Manually removed from foliage","Individuals/0.5m2",NA,NA,NA,"Bracken fern","Bracken fern",NA,NA,NA,NA,NA,"Y","Y","Juan",1,1,1,3,"Figure 3","Each study is a different sampling period as defined in the paper (early, mid, full, summer)",7.1,12.81,8.846938776,6.704081633,0.590131331861373,0.0507368757374313,"Treatment"
"Jones_et_al_2011",2011,31,"31a",1997,2000,4,1,"North_America","USA","Camp_Paivika","34.234722",-117.323611,100,"Arthropoda","Insecta",NA,NA,"Herbivore","YES",NA,NA,"NO",NA,150,"Added","CO(NH2)2",0.25,13.77,36,3.673469388,0.61,11.48,36,4.530612245,0.76,"From95CI","Manually removed from foliage","Individuals/0.5m2",NA,NA,NA,"Bracken fern","Bracken fern",NA,NA,NA,NA,NA,"Y","Y","Juan",1,1,1,3,"Figure 3","Each study is a different sampling period as defined in the paper (early, mid, full, summer)",11.48,13.77,4.530612245,3.673469388,0.181885921849143,0.00630329822620711,"Treatment"
"Siemann_1998",1998,41,"41a",1982,1994,13,3,"North_America","USA","Cedar_Creek-Minnesota","45.403004",-93.18927086,200,"Arthropoda",NA,NA,NA,"Detritivore","YES","NO",NA,"NO",NA,54,"Added","NH4NO3",0.376,25.15,5,1.99,0.89,22.63,5,3.26,1.63,"FromSE","Sweepnet","Individuals",NA,NA,NA,"Grassland","Experimental fields, vegetation composed by perennial bunch grasses and forbs",NA,NA,NA,NA,NA,"Y","Y","Juan",1,1,1,3,"Figure 4","",22.63,25.15,3.26,1.99,0.105581436900302,0.00540261960631228,"Treatment"
"Siemann_1998",1998,41,"41a",1982,1994,13,3,"North_America","USA","Cedar_Creek-Minnesota","45.403004",-93.18927086,200,"Arthropoda",NA,NA,NA,"Detritivore","YES","NO",NA,"NO",NA,170,"Added","NH4NO3",0.376,24.78,5,2.147,0.96,22.63,5,3.26,1.63,"FromSE","Sweepnet","Individuals",NA,NA,NA,"Grassland","Experimental fields, vegetation composed by perennial bunch grasses and forbs",NA,NA,NA,NA,NA,"Y","Y","Juan",1,1,1,3,"Figure 4","",22.63,24.78,3.26,2.147,0.0907604165555505,0.0056518415688665,"Treatment"
"Siemann_1998",1998,41,"41b",1982,1994,13,3,"North_America","USA","Cedar_Creek-Minnesota","45.403004",-93.18927086,200,"Arthropoda",NA,NA,NA,"Herbivore","YES","NO",NA,"NO",NA,54,"Added","NH4NO3",0.376,47.38,5,4.562,2.04,51.02,5,3.5,1.75,"FromSE","Sweepnet","Individuals",NA,NA,NA,"Grassland","Experimental fields, vegetation composed by perennial bunch grasses and forbs",NA,NA,NA,NA,NA,"Y","Y","Juan",1,1,1,3,"Figure 4","",51.02,47.38,3.5,4.562,-0.074017513983026,0.00279538087928389,"Treatment"
"Siemann_1998",1998,41,"41b",1982,1994,13,3,"North_America","USA","Cedar_Creek-Minnesota","45.403004",-93.18927086,200,"Arthropoda",NA,NA,NA,"Herbivore","YES","NO",NA,"NO",NA,170,"Added","NH4NO3",0.376,50.99,5,2.996,1.34,51.02,5,3.5,1.75,"FromSE","Sweepnet","Individuals",NA,NA,NA,"Grassland","Experimental fields, vegetation composed by perennial bunch grasses and forbs",NA,NA,NA,NA,NA,"Y","Y","Juan",1,1,1,3,"Figure 4","",51.02,50.99,3.5,2.996,-0.000588177646600972,0.00163167511321974,"Treatment"
"Siemann_1998",1998,41,"41c",1982,1994,13,3,"North_America","USA","Cedar_Creek-Minnesota","45.403004",-93.18927086,200,"Arthropoda",NA,NA,NA,"Parasite","YES","NO",NA,"NO",NA,54,"Added","NH4NO3",0.376,19.63,5,2.236,1,18.55,5,3.16,1.58,"FromSE","Sweepnet","Individuals",NA,NA,NA,"Grassland","Experimental fields, vegetation composed by perennial bunch grasses and forbs",NA,NA,NA,NA,NA,"Y","Y","Juan",1,1,1,3,"Figure 4","",18.55,19.63,3.16,2.236,0.0565892192349254,0.00839882595455123,"Treatment"
"Siemann_1998",1998,41,"41c",1982,1994,13,3,"North_America","USA","Cedar_Creek-Minnesota","45.403004",-93.18927086,200,"Arthropoda",NA,NA,NA,"Parasite","YES","NO",NA,"NO",NA,170,"Added","NH4NO3",0.376,27.36,5,2.571,1.15,18.55,5,3.16,1.58,"FromSE","Sweepnet","Individuals",NA,NA,NA,"Grassland","Experimental fields, vegetation composed by perennial bunch grasses and forbs",NA,NA,NA,NA,NA,"Y","Y","Juan",1,1,1,3,"Figure 4","",18.55,27.36,3.16,2.571,0.388612303700905,0.00756989785245256,"Treatment"
"Siemann_1998",1998,41,"41d",1982,1994,13,3,"North_America","USA","Cedar_Creek-Minnesota","45.403004",-93.18927086,200,"Arthropoda",NA,NA,NA,"Predator","YES","NO",NA,"NO",NA,54,"Added","NH4NO3",0.376,14.54,5,1.789,0.8,13.13,5,1.14,0.57,"FromSE","Sweepnet","Individuals",NA,NA,NA,"Grassland","Experimental fields, vegetation composed by perennial bunch grasses and forbs",NA,NA,NA,NA,NA,"Y","Y","Juan",1,1,1,3,"Figure 4","",13.13,14.54,1.14,1.789,0.102003783790668,0.00453544662706267,"Treatment"
"Siemann_1998",1998,41,"41d",1982,1994,13,3,"North_America","USA","Cedar_Creek-Minnesota","45.403004",-93.18927086,200,"Arthropoda",NA,NA,NA,"Predator","YES","NO",NA,"NO",NA,170,"Added","NH4NO3",0.376,16.84,5,1.386,0.62,13.13,5,1.14,0.57,"FromSE","Sweepnet","Individuals",NA,NA,NA,"Grassland","Experimental fields, vegetation composed by perennial bunch grasses and forbs",NA,NA,NA,NA,NA,"Y","Y","Juan",1,1,1,3,"Figure 4","",13.13,16.84,1.14,1.386,0.248857320499476,0.00286247465722865,"Treatment"
"Siemann_1998",1998,42,"42a",1993,1994,2,3,"North_America","USA","Cedar_Creek-Minnesota","45.403004",-93.18927086,200,"Arthropoda",NA,NA,NA,"Detritivore","YES","NO",NA,"NO",NA,54,"Added","NH4NO3",0.376,22.419,5,1.979,0.885,23.23,5,1.918,0.959,"FromSE","Sweepnet","Individuals",NA,NA,NA,"Grassland","Experimental fields, vegetation composed by perennial bunch grasses and forbs",NA,NA,NA,NA,NA,"Y","Y","Juan",1,1,1,3,"Figure 5","",23.23,22.419,1.918,1.979,-0.035535733166055,0.00292185373766186,"Treatment"
"Siemann_1998",1998,42,"42a",1993,1994,2,3,"North_America","USA","Cedar_Creek-Minnesota","45.403004",-93.18927086,200,"Arthropoda",NA,NA,NA,"Detritivore","YES","NO",NA,"NO",NA,170,"Added","NH4NO3",0.376,27.212,5,2.144,0.959,23.23,5,1.918,0.959,"FromSE","Sweepnet","Individuals",NA,NA,NA,"Grassland","Experimental fields, vegetation composed by perennial bunch grasses and forbs",NA,NA,NA,NA,NA,"Y","Y","Juan",1,1,1,3,"Figure 5","",23.23,27.212,1.918,2.144,0.158213505700496,0.00260495128653129,"Treatment"
"Siemann_1998",1998,42,"42b",1993,1994,2,3,"North_America","USA","Cedar_Creek-Minnesota","45.403004",-93.18927086,200,"Arthropoda",NA,NA,NA,"Herbivore","YES","NO",NA,"NO",NA,54,"Added","NH4NO3",0.376,50.15,5,3.269,1.462,45.76,5,3.216,1.608,"FromSE","Sweepnet","Individuals",NA,NA,NA,"Grassland","Experimental fields, vegetation composed by perennial bunch grasses and forbs",NA,NA,NA,NA,NA,"Y","Y","Juan",1,1,1,3,"Figure 5","",45.76,50.15,3.216,3.269,0.0916081673364022,0.00183765023379374,"Treatment"
"Siemann_1998",1998,42,"42b",1993,1994,2,3,"North_America","USA","Cedar_Creek-Minnesota","45.403004",-93.18927086,200,"Arthropoda",NA,NA,NA,"Herbivore","YES","NO",NA,"NO",NA,170,"Added","NH4NO3",0.376,54.09,5,4.249,1.9,45.76,5,3.216,1.608,"FromSE","Sweepnet","Individuals",NA,NA,NA,"Grassland","Experimental fields, vegetation composed by perennial bunch grasses and forbs",NA,NA,NA,NA,NA,"Y","Y","Juan",1,1,1,3,"Figure 5","",45.76,54.09,3.216,4.249,0.167238978811793,0.00222200221384677,"Treatment"
"Siemann_1998",1998,42,"42c",1993,1994,2,3,"North_America","USA","Cedar_Creek-Minnesota","45.403004",-93.18927086,200,"Arthropoda",NA,NA,NA,"Parasite","YES","NO",NA,"NO",NA,54,"Added","NH4NO3",0.376,22.778,5,3.417,1.528,18.125,5,2.638,1.319,"FromSE","Sweepnet","Individuals",NA,NA,NA,"Grassland","Experimental fields, vegetation composed by perennial bunch grasses and forbs",NA,NA,NA,NA,NA,"Y","Y","Juan",1,1,1,3,"Figure 5","",18.125,22.778,2.638,3.417,0.228502957111421,0.00873744963830551,"Treatment"
"Siemann_1998",1998,42,"42c",1993,1994,2,3,"North_America","USA","Cedar_Creek-Minnesota","45.403004",-93.18927086,200,"Arthropoda",NA,NA,NA,"Parasite","YES","NO",NA,"NO",NA,170,"Added","NH4NO3",0.376,24.792,5,2.949,1.319,18.125,5,2.638,1.319,"FromSE","Sweepnet","Individuals",NA,NA,NA,"Grassland","Experimental fields, vegetation composed by perennial bunch grasses and forbs",NA,NA,NA,NA,NA,"Y","Y","Juan",1,1,1,3,"Figure 5","",18.125,24.792,2.638,2.949,0.313228819744709,0.00706646374643592,"Treatment"
"Siemann_1998",1998,42,"42d",1993,1994,2,3,"North_America","USA","Cedar_Creek-Minnesota","45.403004",-93.18927086,200,"Arthropoda",NA,NA,NA,"Predator","YES","NO",NA,"NO",NA,54,"Added","NH4NO3",0.376,14.74,5,1.579,0.706,12.88,5,1.324,0.662,"FromSE","Sweepnet","Individuals",NA,NA,NA,"Grassland","Experimental fields, vegetation composed by perennial bunch grasses and forbs",NA,NA,NA,NA,NA,"Y","Y","Juan",1,1,1,3,"Figure 5","",12.88,14.74,1.324,1.579,0.134889166084983,0.00440845139867103,"Treatment"
"Siemann_1998",1998,42,"42d",1993,1994,2,3,"North_America","USA","Cedar_Creek-Minnesota","45.403004",-93.18927086,200,"Arthropoda",NA,NA,NA,"Predator","YES","NO",NA,"NO",NA,170,"Added","NH4NO3",0.376,16.77,5,1.677,0.75,12.88,5,1.324,0.662,"FromSE","Sweepnet","Individuals",NA,NA,NA,"Grassland","Experimental fields, vegetation composed by perennial bunch grasses and forbs",NA,NA,NA,NA,NA,"Y","Y","Juan",1,1,1,3,"Figure 5","",12.88,16.77,1.324,1.677,0.26391585515891,0.00411336368195672,"Treatment"
"Xu_et_al_2009",2009,43,"43a",1995,2007,12,1,"Europe","Switzerland","Alptal valley","47.06519013",8.714481999,5000,"Arthropoda","Collembola",NA,NA,"Detritivore","NO","YES","0-5","NO",12,25,"Added","NH4NO3",0.011781,7.37,5,1.587608264,0.71,9.77,5,0.849705831,0.38,"FromSE","Soil cores","Individuals/m3",NA,NA,NA,"Spruce forest",NA,"6","2300",4.41,NA,NA,"Y","Y","Juan",1,1,1,3,"Figure 3","",9.77,7.37,0.849705831,1.587608264,-0.281898759853446,0.0107935090819882,"Treatment"
"Xu_et_al_2009",2009,43,"43b",1995,2007,12,1,"Europe","Switzerland","Alptal valley","47.06519013",8.714481999,5000,"Arthropoda","Collembola",NA,NA,"Detritivore","NO","YES","5-10","NO",12,25,"Added","NH4NO3",0.011781,4.95,5,3.063413129,1.37,5.98,5,2.057182539,0.92,"FromSE","Soil cores","Individuals/m3",NA,NA,NA,"Spruce forest",NA,"6","2300",4.57,NA,NA,"Y","Y","Juan",1,1,1,3,"Figure 3","",5.98,4.95,2.057182539,3.063413129,-0.189032991381941,0.100268985940996,"Treatment"
"Xu_et_al_2009",2009,43,"43c",1995,2007,12,1,"Europe","Switzerland","Alptal valley","47.06519013",8.714481999,5000,"Arthropoda","Collembola",NA,NA,"Detritivore","NO","YES","10-15","NO",12,25,"Added","NH4NO3",0.011781,2.19,5,1.118033989,0.5,3.98,5,1.878297101,0.84,"FromSE","Soil cores","Individuals/m3",NA,NA,NA,"Spruce forest",NA,"6","2300",4.89,NA,NA,"Y","Y","Juan",1,1,1,3,"Figure 3","",3.98,2.19,1.878297101,1.118033989,-0.597380275467937,0.0966700151599944,"Treatment"
"Liu_et_al_2021",2021,44,"44a",2013,2015,3,2,"Asia","China","Jigongshan (JGS) National Nature Reserve","31.766767000407324,",114.0166882,2000,"Arthropoda",NA,NA,NA,"Unknown","YES","YES",NA,"NO",19.6,25,"Added","NH4NO3",400,10.49,8,1.329360749,0.47,10.54,4,0.92,0.46,"FromSE","Litterbags","Individuals/m3",NA,NA,NA,"Temperate_Forest",NA,"15.20","1119.00",4.4,NA,NA,"Y","Y","Juan",1,1,1,3,"Figure 1","",10.54,10.49,0.92,1.329360749,-0.00475512070501036,0.00391218448389343,"Treatment"
"Liu_et_al_2021",2021,44,"44a",2013,2015,3,2,"Asia","China","Jigongshan (JGS) National Nature Reserve","31.766767000407324,",114.0166882,2000,"Arthropoda",NA,NA,NA,"Unknown","YES","YES",NA,"NO",19.6,50,"Added","NH4NO3",400,10.66,8,1.046518036,0.37,10.54,4,0.92,0.46,"FromSE","Litterbags","Individuals/m3",NA,NA,NA,"Temperate_Forest",NA,"15.20","1119.00",4.4,NA,NA,"Y","Y","Juan",1,1,1,3,"Figure 1","",10.54,10.66,0.92,1.046518036,0.0113208756244823,0.0031094625667866,"Treatment"
"Liu_et_al_2021",2021,45,"45a",2013,2015,3,2,"Asia","China","Shimentai (SMT) National Nature Reserve","24.37047623983677,",113.0826758,2000,"Arthropoda",NA,NA,NA,"Unknown","YES","YES",NA,"NO",34.1,25,"Added","NH4NO3",400,12.84,8,1.187939392,0.42,10.78,4,0.74,0.37,"FromSE","Litterbags","Individuals/m3",NA,NA,NA,"Tropical_Forest",NA,NA,NA,3.55,NA,NA,"Y","Y","Juan",1,1,1,3,"Figure 1","",10.78,12.84,0.74,1.187939392,0.174872732780964,0.00224801841672557,"Treatment"
"Liu_et_al_2021",2021,45,"45a",2013,2015,3,2,"Asia","China","Shimentai (SMT) National Nature Reserve","24.37047623983677,",113.0826758,2000,"Arthropoda",NA,NA,NA,"Unknown","YES","YES",NA,"NO",34.1,50,"Added","NH4NO3",400,11.3,8,1.187939392,0.42,10.78,4,0.74,0.37,"FromSE","Litterbags","Individuals/m3",NA,NA,NA,"Tropical_Forest",NA,NA,NA,3.55,NA,NA,"Y","Y","Juan",1,1,1,3,"Figure 1","",10.78,11.3,0.74,1.187939392,0.047110160237444,0.00255952672385594,"Treatment"
"Shao_et_al_2018",2018,47,"47a",2012,2013,2,1,"Asia","China","Heshan National Field Research Station of Forest Ecosystem","22.56678556",112.8333226,1000,"Arthropoda","Collembola",NA,NA,"Detritivore","NO","YES","0-10","NO",43.1,60,"Added","NH4NO3",2,1.44,4,0.36,0.18,1.82,4,0.38,0.19,"FromSE","Soil cores","Individuals/m2",NA,NA,NA,"Acacia auriculiformis plantation","Plantation forest","22.50","1534.00",3.9,NA,NA,"Y","Y","Juan",1,1,1,3,"Figure 3","",1.82,1.44,0.38,0.36,-0.234193387500795,0.0265234422171235,"Treatment"
"Shao_et_al_2018",2018,48,"48a",2012,2014,3,1,"Asia","China","Heshan National Field Research Station of Forest Ecosystem","22.56678556",112.8333226,1000,"Arthropoda","Collembola",NA,NA,"Detritivore","NO","YES","0-10","NO",43.1,60,"Added","NH4NO3",2,1.64,4,0.22,0.11,1.72,4,0.34,0.17,"FromSE","Soil cores","Individuals/m2",NA,NA,NA,"Acacia auriculiformis plantation","Plantation forest","22.50","1534.00",3.9,NA,NA,"Y","Y","Juan",1,1,1,3,"Figure 3","",1.72,1.64,0.34,0.22,-0.0476280489892547,0.0142676041746765,"Treatment"
